Country_code_A3,1990,1991,1992,1993,1994,1995,1996,1997,1998,1999,2000,2001,2002,2003,2004,2005,2006,2007,2008,2009,2010,2011,2012,2013,2014,2015,2016,2017,2018,,
ABW,0.094645706,0.091966575,0.09418038,0.094254555,0.095523628,0.095044013,0.108836049,0.099570248,0.125347693,0.156344899,0.149679762,0.149714051,0.143689125,0.139534126,0.138924715,0.140052796,0.134249851,0.137891468,0.140324294,0.137071098,0.132086675,0.144212272,0.142400639,0.136197198,0.140872087,0.1391433,0.148309361,0.167105644,0.167885693,,
AFG,0.945285541,0.956797328,1.043979745,1.052541645,1.053925034,1.0498877,1.052222697,1.05090956,1.043678514,1.041316175,1.0674643,0.881002702,0.9160149,0.907334215,0.910983268,0.894010371,0.883543161,0.850968949,0.794862144,0.74496543,0.718971816,0.63220898,0.670341487,0.703654832,0.724508764,0.720585079,0.744354046,0.69403128,0.689523973,,
AGO,0.260011874,0.262356778,0.265100396,0.25783267,0.249269489,0.241900381,0.26390542,0.262937857,0.280048155,0.282092963,0.254992604,0.374835327,0.334689276,0.321784096,0.324225802,0.331784908,0.370458739,0.329922068,0.369628799,0.368343425,0.358507143,0.305325797,0.367012619,0.333411701,0.366559868,0.328805428,0.372302628,0.380338109,0.365586049,,
AIA,0.315644608,0.294147957,0.29397112,0.265715215,0.243296296,0.22914627,0.230938792,0.249530142,0.254433715,0.26290967,0.235142625,0.237904215,0.279758714,0.252309339,0.257591159,0.26268217,0.274068123,0.279584975,0.260548739,0.237673095,0.224757924,0.218825841,0.21983398,0.215167773,0.21622407,0.216741569,0.216764217,0.215283688,0.217982369,,
AIR,0.005049651,0.005049032,0.005048413,0.005047794,0.005047176,0.005046557,0.005046556,0.005046557,0.005046557,0.005046557,0.005046557,0.005046557,0.005046557,0.005046555,0.005046555,0.005046555,0.005046555,0.005046554,0.005046554,0.005046554,0.005046554,0.005046554,0.005046554,0.005046554,0.005046554,0.005046555,0.005046514,0.005046494,0.005046494,,
ALB,0.366884319,0.41960929,0.559252513,0.588409418,0.629025483,0.656983114,0.639590854,0.693336065,0.659735243,0.637780798,0.617303316,0.735366272,0.693279732,0.671909341,0.63443195,0.634597671,0.682513161,0.657801248,0.628528769,0.61706833,0.626673615,0.578254003,0.587799406,0.555485056,0.578783186,0.580045457,0.546965873,0.55446809,0.572688835,,
ANT,0.080184823,0.080022876,0.080641367,0.084245939,0.085329247,0.085533151,0.089216306,0.078784233,0.088582628,0.104786412,0.104893045,0.105801532,0.101234163,0.100828773,0.101679429,0.102136753,0.099968361,0.100350927,0.101571807,0.098619343,0.100384237,0.098302829,0.106497646,0.102738926,0.105467286,0.105085854,0.105647703,0.107050614,0.109184551,,
ARE,0.086245321,0.080353044,0.085151872,0.088055683,0.085059858,0.086762426,0.087340337,0.087256629,0.085876877,0.091756335,0.103506248,0.101689081,0.108237775,0.117267547,0.120733948,0.125253259,0.128615653,0.122506317,0.11668202,0.116000556,0.113172597,0.112398922,0.11524528,0.116993276,0.121952739,0.118743935,0.12567239,0.131386979,0.137713944,,
ARG,0.756060629,0.746853245,0.742553422,0.742187169,0.72725949,0.72997338,0.718755374,0.705397198,0.692487071,0.687813279,0.691460504,0.737070372,0.739951706,0.736835123,0.701930164,0.710510293,0.692344333,0.697027455,0.68304592,0.678314927,0.690500005,0.647981359,0.627833262,0.656348381,0.660159442,0.658824239,0.612827208,0.627279191,0.622947973,,
ARM,0.192131225,0.162154572,0.221222109,0.298443519,0.394093967,0.349995682,0.411309873,0.364289777,0.340283631,0.359303127,0.347511025,0.371329626,0.403182241,0.38346259,0.387710201,0.352606021,0.350868584,0.331298566,0.315424944,0.346145437,0.352259031,0.316780399,0.302893599,0.314490352,0.366209944,0.391883617,0.383062697,0.357624656,0.336441116,,
ASM,-0.521364874,-0.533838684,-0.546425667,-0.559044089,-0.57150049,-0.584441114,-0.596262569,-0.608207456,-0.620581704,-0.632301774,-0.643414379,-0.987860517,-0.996142291,-1.00421587,-1.003059871,-0.9995258,-0.986326235,-0.981153393,-0.964355255,-0.946572177,-0.9378644,-1.143045443,-1.132443377,-1.126928611,-1.12936771,-1.129506917,-0.904524016,-0.898199376,-0.891210102,,
ATG,0.203290954,0.200260539,0.202053824,0.211698137,0.209062816,0.205681515,0.203547831,0.210094582,0.234535272,0.259746766,0.262216099,0.264189804,0.258515656,0.245881196,0.241873957,0.245558503,0.241049532,0.241228078,0.239796438,0.223616788,0.190998924,0.193772073,0.190790341,0.181169301,0.1858432,0.184774682,0.193616419,0.222623053,0.224316819,,
AUS,0.469325321,0.465372786,0.458971409,0.455095934,0.455798893,0.444323185,0.440621814,0.432843903,0.421608586,0.41702224,0.421296218,0.446253113,0.437905802,0.435562578,0.439856474,0.438797228,0.42747957,0.419358223,0.416910715,0.412004612,0.414492104,0.35611116,0.340203055,0.346089601,0.351635318,0.34048445,0.314362968,0.322383946,0.321258856,,
AUT,0.327206423,0.311458624,0.331270801,0.328030622,0.319844782,0.306133006,0.290908779,0.297023215,0.296804162,0.302188087,0.303135565,0.246127888,0.247631799,0.236847739,0.230937459,0.224390835,0.22845694,0.233322367,0.232903729,0.242631288,0.234808286,0.244144085,0.246929719,0.246047556,0.256879634,0.253175334,0.253303878,0.246407581,0.250164691,,
AZE,0.241247317,0.22313193,0.263097614,0.257644718,0.262172366,0.259579743,0.287209432,0.2942698,0.278217439,0.275465002,0.282797764,0.301290295,0.310092055,0.299342384,0.307916451,0.31155248,0.298300422,0.329268575,0.3242338,0.371908511,0.375620077,0.363475188,0.356294304,0.354461274,0.347293274,0.348182306,0.348037961,0.348145614,0.345269979,,
BDI,0.774139675,0.769891939,0.775568025,0.773243395,0.760288549,0.763344486,0.795281146,0.783405767,0.760102375,0.807704961,0.791461414,0.811942973,0.615740031,0.605609323,0.660239815,0.722154633,0.727464999,0.762896522,0.728241277,0.71558779,0.729860906,1.466051327,1.678216341,1.43443555,1.556700557,1.516967119,0.738717385,0.785280164,0.754578641,,
BEL,0.208910958,0.204550151,0.209462922,0.211296486,0.212671041,0.214163926,0.212962071,0.211155347,0.202315865,0.20925979,0.217695319,0.203551478,0.208656995,0.208676695,0.209867836,0.206451876,0.212933018,0.217186083,0.216052687,0.221758214,0.218304021,0.250587999,0.252758946,0.247907509,0.262833853,0.25585039,0.233899571,0.23670339,0.235441466,,
BEN,0.911624264,0.913260468,0.911118662,0.909865968,0.90987448,0.908187129,0.895903883,0.884726866,0.871132691,0.867074038,0.885036455,0.856232568,0.845305325,0.834265783,0.828260142,0.823298003,0.780632472,0.762657436,0.763946738,0.754998087,0.731212329,0.73396005,0.740517029,0.729460644,0.716888604,0.707719112,0.676123951,0.675516427,0.664416572,,
BFA,0.701407944,0.702882821,0.707368797,0.709665636,0.70683863,0.708702156,0.712341232,0.7073973,0.705484415,0.731495687,0.720691353,0.634701171,0.6405876,0.669976628,0.672206142,0.671218602,0.673263316,0.667569829,0.665651204,0.670289492,0.672809872,0.880499899,0.869732883,0.860337108,0.869014059,0.851364623,0.566180035,0.56470747,0.566279901,,
BGD,0.904589573,0.905890124,0.898465018,0.891172261,0.884225089,0.87245719,0.871526169,0.862832297,0.85532404,0.850972943,0.841689764,0.823458585,0.817380085,0.811247505,0.797143613,0.797203014,0.781493234,0.774576088,0.756295606,0.748355207,0.724878272,0.730285776,0.722998354,0.712784934,0.705505983,0.67959958,0.655301046,0.653673138,0.64964451,,
BGR,0.369918068,0.396410982,0.377725657,0.339809509,0.365654419,0.370468623,0.369343787,0.360255962,0.362644279,0.417537443,0.449106512,0.466846708,0.493433796,0.43249936,0.462888007,0.451098224,0.43025312,0.40290787,0.416637039,0.487175446,0.460785384,0.261286504,0.279128746,0.308409005,0.304323855,0.293364979,0.690321097,0.628213908,0.682414593,,
BHR,0.139056564,0.14352992,0.141187631,0.142445285,0.143996098,0.147304716,0.145518506,0.143909382,0.139622542,0.148623825,0.147164437,0.14651306,0.14445172,0.139700324,0.143682935,0.141515764,0.130850791,0.135288162,0.13948956,0.140867856,0.135953901,0.136887452,0.140602902,0.141206462,0.14016701,0.14086185,0.144297974,0.145858374,0.147360841,,
BHS,0.122016869,0.126571469,0.139868309,0.140099526,0.136994554,0.130741773,0.129534805,0.14005393,0.158666765,0.188573502,0.18118999,0.17872073,0.174800368,0.188587233,0.189814631,0.194135568,0.182023155,0.176255671,0.188723912,0.193695686,0.181695668,0.201903519,0.183716762,0.190105332,0.186452771,0.189267182,0.200679775,0.240002573,0.226221871,,
BIH,0.113309979,0.119999329,0.120088572,0.135529258,0.255543391,0.229495536,0.201569761,0.167861516,0.162361275,0.169385715,0.148354982,0.170839462,0.165423476,0.164312807,0.16644521,0.165001046,0.162185396,0.154136543,0.141381678,0.147984461,0.145858947,0.158458399,0.166655017,0.173051601,0.183563544,0.181567882,0.15639464,0.155408493,0.153175592,,
BLR,0.327716735,0.331400729,0.785311548,0.89108612,1.021881708,1.140945978,1.127781538,1.118749678,1.155233372,1.19188044,1.25392188,1.032209517,0.937088393,0.983278612,0.958968167,0.948779193,0.902045019,0.942601151,0.906611496,0.936703817,0.887167828,0.741076463,0.721454828,0.730030223,0.726381322,0.754984008,0.766046645,0.759311979,0.728581984,,
BLZ,0.772461698,0.767270493,0.772486242,0.774115596,0.775504469,0.771525414,0.893537197,0.902894907,0.878988147,0.884067384,0.889605079,0.740559766,0.521379195,0.519639135,0.769422661,0.536137963,0.615095277,0.477804848,0.569127866,0.703519271,0.508219325,0.64118873,0.878830442,0.576117337,0.85583992,0.716782698,0.738369865,0.83161961,0.750668231,,
BMU,0.094676557,0.094647891,0.104559496,0.099827452,0.102763716,0.103639724,0.102419144,0.106100303,0.125458894,0.150874756,0.147767493,0.150659359,0.144130486,0.142786663,0.138429405,0.140163315,0.132959751,0.13426748,0.138321145,0.136505566,0.127705789,0.14665872,0.146818611,0.140980821,0.140849211,0.142271881,0.145881204,0.161921322,0.162347222,,
BOL,0.868235189,0.863553961,0.855444047,0.846113219,0.836398243,0.882099717,0.891358103,0.870642646,0.892360757,0.901639279,0.904080721,0.887926754,0.881268163,0.869423165,0.872481034,0.857983406,0.852210448,0.848505953,0.833402139,0.834312843,0.842798453,0.822896148,0.804703603,0.799950272,0.787504622,0.792640469,0.795502232,0.785432013,0.783602736,,
BRA,1.060953357,1.058580554,1.055566933,1.049859291,1.044855014,1.035574611,1.026202236,1.015450773,1.009634956,1.005770791,0.993819472,1.06996468,1.069028748,1.066695719,1.055059796,1.053222599,1.050701186,1.042552288,1.03413334,1.04780024,1.023575485,1.033985718,1.010444154,0.996393549,0.980110141,0.994103804,0.860516303,0.859636881,0.863871409,,
BRB,0.192628779,0.189321131,0.189421346,0.19463107,0.203761574,0.201939446,0.214115207,0.194450122,0.206949755,0.225820567,0.215313837,0.212352482,0.206033294,0.198843673,0.197144567,0.197776221,0.192169176,0.198983049,0.190533082,0.189975523,0.187147352,0.186192682,0.190697588,0.180875416,0.195047704,0.190747806,0.198754275,0.223960289,0.226637297,,
BRN,0.249930904,0.243976813,0.24221681,0.237044639,0.232488364,0.225085276,0.207871444,0.215496271,0.438166205,0.211791908,0.208901263,0.215512993,0.212664231,0.206787293,0.20647135,0.212316291,0.172606372,0.179346998,0.169493782,0.1797413,0.189591227,0.139381148,0.144949511,0.148059086,0.157961264,0.15839373,0.149297248,0.141842607,0.14268192,,
BTN,-0.151348216,-0.154960114,-0.146148059,-0.143387281,-0.142917068,-0.164634551,-0.164057084,-0.163102221,-0.161662675,-0.1714473,-0.158996742,-0.144732869,-0.143859798,-0.144639747,-0.145586359,-0.174171773,-0.172552321,-0.1780154,-0.153353487,-0.174539834,-0.181603837,0.797237715,0.781982764,0.852425377,0.788221371,0.696131515,0.676370456,0.743662585,0.655665869,,
BWA,0.475355552,0.470940895,0.465927521,0.464127082,0.467289325,0.471657907,0.451204717,0.406345064,0.374811756,0.428603668,0.481653915,0.58553379,0.269774514,0.378555843,0.730668087,0.42003777,0.662845959,0.408405628,0.702191919,0.78368561,0.870272814,0.784166571,0.764856662,0.493514746,0.720386105,0.287197797,0.455277826,0.429663192,0.36141486,,
CAF,0.953801435,0.953326277,0.95421914,0.954260255,0.953623181,0.953484393,0.930101089,0.920609231,0.899957185,0.9112068,0.938701873,0.962078079,0.959298418,0.965754775,0.960656372,0.96414545,0.962735647,0.962003345,0.960203294,0.957519255,0.958503482,0.961505948,0.957044546,0.957778852,0.955339865,0.956374359,0.94627547,0.959424397,0.956148664,,
CAN,0.353584194,0.357253774,0.355155177,0.356960248,0.348342831,0.346725411,0.344424094,0.347865951,0.306966247,0.333522343,0.338780813,0.262677584,0.250754983,0.246501452,0.255925461,0.266569029,0.26666328,0.265660645,0.267693995,0.279054279,0.267443156,0.305885308,0.298599419,0.286926793,0.294018709,0.28591576,0.343830432,0.342210995,0.353474232,,
CHE,0.23594231,0.226539498,0.219064151,0.228007726,0.232384127,0.223052039,0.218941556,0.225118339,0.218499176,0.232879689,0.233906542,0.233853644,0.236476854,0.230673012,0.22815136,0.225468239,0.232634644,0.240629949,0.235726814,0.237320337,0.232383472,0.247694701,0.237139707,0.23517245,0.253039642,0.250537177,0.246261442,0.252073948,0.255970652,,
CHL,0.564206878,0.595841698,0.5867322,0.569226676,0.54440651,0.507385276,0.46783719,0.431080681,0.423791594,0.41289889,0.441231281,0.564003111,0.567086915,0.553363324,0.523120634,0.516315752,0.510256519,0.454676603,0.438752396,0.460585836,0.43670613,0.984034883,0.91889107,0.809891085,0.988238855,0.852799518,0.509864002,0.511326752,0.532402264,,
CHN,0.466478914,0.453069298,0.43691957,0.411582856,0.400280446,0.393879121,0.381954947,0.381445446,0.379982797,0.381814051,0.343522395,0.333486789,0.319904352,0.291207178,0.284469442,0.266952565,0.252682123,0.240592489,0.237826566,0.230178356,0.211114651,0.209313777,0.205007937,0.20336823,0.201650457,0.203293803,0.20098979,0.195535282,0.191785063,,
CIV,0.935146502,0.933415462,0.932768766,0.93012057,0.924472166,0.920243887,0.905406009,0.893735957,0.894972344,0.873774105,0.876590118,0.778880763,0.773049982,0.791567834,0.784394018,0.775204012,0.771588613,0.770529559,0.760122949,0.784827113,0.764169414,0.757264012,0.731358911,0.725493724,0.720123396,0.710731218,0.695780625,0.70284542,0.707322426,,
CMR,0.763147101,0.768938798,0.776642994,0.780961481,0.78852881,0.785539191,0.815505709,0.820155136,0.8201422,0.819963248,0.816302815,0.787594683,0.806102659,0.755544073,0.779497435,0.740113505,0.806413625,0.766567267,0.740220983,0.752881558,0.784204524,0.764599565,0.769093689,0.697015871,0.72876083,0.686034643,0.684079191,0.687350096,0.707634722,,
COD,0.970997356,0.9744989,0.975563589,0.975786635,0.973422573,0.97226391,0.969839355,0.970307937,0.970900014,0.970277608,0.971666047,0.973985752,0.973601174,0.971983906,0.971853848,0.96960785,0.969464014,0.969772739,0.968772038,0.969737785,0.969098773,0.97705153,0.970373463,0.965167557,0.965022179,0.966933535,0.966647274,0.96354352,0.965469943,,
COG,0.363156077,0.364115566,0.364685558,0.365674489,0.374380924,0.360571575,0.491980973,0.477044921,0.44306275,0.448815796,0.439263854,0.362049726,0.474953546,0.336952155,0.319336563,0.265357218,0.274066379,0.313728168,0.350646026,0.349250459,0.289701256,0.25991367,0.280024044,0.274877188,0.386225056,0.291299671,0.305023104,0.352393634,0.313963403,,
COK,0.451806152,0.722435972,0.442630309,0.473945461,0.440924161,0.466135168,0.466601272,0.463640203,0.448998246,0.434177043,0.35954555,0.240933006,0.351295208,0.372178218,0.270887444,0.202730112,0.201859359,0.235205308,0.236636781,0.261379402,0.231443642,0.223641175,0.222044113,0.220868958,0.20550417,0.208275145,0.210377761,0.258427863,0.254402668,,
COL,0.776004599,0.771272138,0.765927243,0.760839056,0.761142742,0.749471774,0.762332133,0.743359951,0.737511256,0.759213066,0.750713936,0.763645117,0.76807954,0.753813025,0.76163207,0.769237149,0.770435994,0.765221174,0.767993157,0.757056669,0.749679369,0.691521508,0.677482715,0.641122491,0.624401218,0.630838299,0.60274824,0.675737701,0.673923615,,
COM,0.798220231,0.783323343,0.795138343,0.797862655,0.791299183,0.786471458,0.781074335,0.776744672,0.757121858,0.752247958,0.684836603,0.681442433,0.684436714,0.639769492,0.627773908,0.652802158,0.62013006,0.673079791,0.674454179,0.650254684,0.62966911,0.657394586,0.650909611,0.629746464,0.649495777,0.637106664,0.616393867,0.562624198,0.55553577,,
CPV,-0.525213613,-0.601150024,-0.805449221,-0.819685041,-0.74917919,-0.988122039,-0.783651092,-0.938277029,-1.139463851,-1.268237529,3.998689811,0.40162679,0.389545445,0.401549182,0.394232137,0.307123195,0.295461022,0.283311504,0.27584103,0.296938313,0.288770379,0.251369518,0.274178933,0.28379312,0.27497471,0.274156912,0.269496618,0.258570248,0.251361617,,
CRI,0.819616538,0.811741635,0.7779259,0.777519259,0.743554788,0.736657623,0.755718695,0.763559,0.742480861,0.740539123,0.747851945,0.651718335,0.630186838,0.556485579,0.589858789,0.591971085,0.565922614,0.551071903,0.559800982,0.572224086,0.581695617,1.087882952,1.085373011,1.034584537,1.024895288,1.063759516,0.995487718,0.989023704,1.013598859,,
CUB,0.499335901,0.580729411,0.661391406,0.660455095,0.651966996,0.615145783,0.593148566,0.556424322,0.570462409,0.537926834,0.529882622,0.521672916,0.538851567,0.546658442,0.548821491,0.521402712,0.518186899,0.50701236,0.526619648,0.520398968,0.484703626,0.54427095,0.541048251,0.564055573,0.573793687,0.553702021,0.428708888,0.440773342,0.447170833,,
CYM,0.11535567,0.112665893,0.115594142,0.119825884,0.119297273,0.119697537,0.12106451,0.128759242,0.156133289,0.18611699,0.171123041,0.173649518,0.169243893,0.165786765,0.168509729,0.171306998,0.166671146,0.165513473,0.167207885,0.163623016,0.155707023,0.153225403,0.156784202,0.149561486,0.154616631,0.152509427,0.16301155,0.181666663,0.183164441,,
CYP,0.238906023,0.278505476,0.252463119,0.254719193,0.252201702,0.258561214,0.262600928,0.249843066,0.238627132,0.237253365,0.230003733,0.238906645,0.24076922,0.22882557,0.233830341,0.234634758,0.235057808,0.229594504,0.227932652,0.225626095,0.236774731,0.233534076,0.243133228,0.250372089,0.250291606,0.250577595,0.244445125,0.244922049,0.257671799,,
CZE,0.177094158,0.175960795,0.165191029,0.179677534,0.187794546,0.188495902,0.179266054,0.174841122,0.178461139,0.18494113,0.174339858,0.178020119,0.178309934,0.172896947,0.169897724,0.173332675,0.17159872,0.171490007,0.175923661,0.16634807,0.178470696,0.181437466,0.183565248,0.191413414,0.193115359,0.196388472,0.197213186,0.19855833,0.197858272,,
DEU,0.185023256,0.186426815,0.189349833,0.185840149,0.186724428,0.189183406,0.184702957,0.189371755,0.192579107,0.19439424,0.190185369,0.179203061,0.184330232,0.182579591,0.184295782,0.183872738,0.180655281,0.187532903,0.186744946,0.19496177,0.187954855,0.193974947,0.191423464,0.189344281,0.196982358,0.193946119,0.192274699,0.193766657,0.194517455,,
DJI,0.423982934,0.38642438,0.413943302,0.423140683,0.416271882,0.423525164,0.423392436,0.412398629,0.40999864,0.408806399,0.534763759,0.533336825,0.535914879,0.524655294,0.53353898,0.550779204,0.564037995,0.562629951,0.538142886,0.565541847,0.538651904,0.608092046,0.555845865,0.540185614,0.541754542,0.560101746,0.578402101,0.537826734,0.528095246,,
DMA,0.68584948,0.674742027,0.672389367,0.623481573,0.565717409,0.527276185,0.513098961,0.532094107,0.620885435,0.555628458,0.537587468,0.414535539,0.444958103,0.407270822,0.378006243,0.390304091,0.394452137,0.362961329,0.381488467,0.37216013,0.363595352,0.359429918,0.360905043,0.352141345,0.35061929,0.342163436,0.363454814,0.36471382,0.370482455,,
DNK,0.360376609,0.325339639,0.338977895,0.330962765,0.316830155,0.328271253,0.283731022,0.313823559,0.32260886,0.32898564,0.341766037,0.338535577,0.335119565,0.315250858,0.329782024,0.341136267,0.313623206,0.329816728,0.335572705,0.338526982,0.340248565,0.372630199,0.396089084,0.383547879,0.40509213,0.418217135,0.427824955,0.43879657,0.440087873,,
DOM,0.935715009,0.914044969,0.82185224,0.834183918,0.753305579,0.726257752,0.697808987,0.641470015,0.598185042,0.548247714,0.52809734,0.432641718,0.432544361,0.456367374,0.481541943,0.461205753,0.454576852,0.464212602,0.469326152,0.493850809,0.487402541,0.468348957,0.46332955,0.473744221,0.468307546,0.449476101,0.469906835,0.484744465,0.476493645,,
DZA,0.191396359,0.187556466,0.189245972,0.190182826,0.190630021,0.183857076,0.184840477,0.187762358,0.190460753,0.190512178,0.190215289,0.196154443,0.195369873,0.191105454,0.196272873,0.193509314,0.189072458,0.192408914,0.188502977,0.208564446,0.209575396,0.212062475,0.210471573,0.21232778,0.2181247,0.218613755,0.21501099,0.212109673,0.215567365,,
ECU,0.736788227,0.734237429,0.728664503,0.734173466,0.726985407,0.71258294,0.687137137,0.683923288,0.685486111,0.719357134,0.703685652,0.658813694,0.662565984,0.664678098,0.647235856,0.621294171,0.613876225,0.601819386,0.597342133,0.583055948,0.564835384,0.538765182,0.537427571,0.529480038,0.504994246,0.508740842,0.529268954,0.537406448,0.529888596,,
EGY,0.288206761,0.285558113,0.288659162,0.291517655,0.303218594,0.301822676,0.293843399,0.289104933,0.28482921,0.278838381,0.291961129,0.278360015,0.28216833,0.283438881,0.289613437,0.282223691,0.276667246,0.268351298,0.272333473,0.264197067,0.275806588,0.282390595,0.276286595,0.261445949,0.261237552,0.259147609,0.261437222,0.254683847,0.238750316,,
ERI,0.82359565,0.822237172,0.811820782,0.812309987,0.791536667,0.781396568,0.78303952,0.802366122,0.870769021,0.863272465,0.862993703,0.839808745,0.838494549,0.843281373,0.846713758,0.857998667,0.864158888,0.868611152,0.875602938,0.871627092,0.862277085,0.893060759,0.884005572,0.880376731,0.877522271,0.87606879,0.841239575,0.834499132,0.822220402,,
ESH,-1.392973855,-1.784062507,-1.625841349,-1.593741163,-1.667208029,-2.06860511,-2.277245537,-2.631347213,-2.898463366,-3.467258799,-14.52272299,1.16713656,1.299467123,1.256707891,1.246418434,1.251113151,1.243019269,1.256714899,1.240925999,1.246212908,1.249070969,0.779547281,0.778416334,0.782548058,0.788090335,0.781621965,0.721452518,0.752650606,0.740632633,,
ESP,0.325334491,0.321839398,0.311849895,0.319107566,0.314486309,0.309507452,0.322048439,0.31417209,0.307237441,0.298982001,0.300613006,0.285978691,0.277971208,0.284950508,0.275935553,0.266950107,0.266698192,0.268758208,0.275106877,0.28925858,0.295757464,0.285693879,0.288217227,0.305797088,0.30652375,0.287083925,0.302036673,0.290541014,0.291365256,,
EST,0.204107646,0.213636362,0.317345937,0.365565369,0.328311594,0.334812534,0.320644376,0.311995384,0.331202662,0.340057362,0.340802387,0.347668764,0.342458221,0.313756152,0.321962804,0.320469408,0.334747585,0.300399944,0.313033281,0.333788494,0.279253744,0.365693013,0.388935188,0.356970428,0.36984506,0.407041039,0.269479759,0.265051145,0.2665304,,
ETH,0.850348149,0.846618074,0.855958522,0.780399171,0.769393931,0.766090782,0.789971902,0.79451684,0.775167611,0.771531624,0.794638428,0.818407011,0.778735237,0.785037407,0.795425647,0.841382786,0.80240992,0.859883428,0.823622836,0.83157724,0.837124718,0.847111526,0.803745714,0.784106931,0.828208059,0.83060371,0.804983858,0.831771635,0.821174057,,
FIN,0.613211313,0.59401075,0.621884879,0.605270447,0.544252488,0.561054811,0.498530508,0.51096386,0.546545467,0.576718269,0.589931061,0.709588356,0.693169553,0.628218022,0.647505135,0.744889922,0.646558574,0.662443152,0.725680315,0.747732802,0.667972469,1.130273899,1.295875893,1.241097867,1.386227573,1.548087061,0.3344991,0.341293759,0.339674049,,
FJI,-3.712786766,-2.75900147,-3.358316491,-4.924706165,-9.373691313,-22.70475702,-56.84222843,66.42449197,86.84586922,14.81888967,7.030494315,4.998985529,102.0841021,7.217543906,2.246772183,3.318028064,2.744798362,5.105361858,-6.994507529,-7.629560945,-7.521255898,1.513198214,39.48243235,4.843008455,2.239579618,1.549604993,1.913103011,1.656790211,1.510644988,,
FLK,2.330435156,2.331414627,2.349743068,2.357115048,2.725918438,2.655949856,3.012854191,2.877954909,2.992329319,2.991285984,3.060821376,1.972319584,2.429675504,3.041809594,2.771326413,3.035634311,2.771409022,3.007679389,2.99964752,2.985774249,2.997602303,2.982854665,2.356641259,2.940472836,2.94972524,2.94737662,2.947590886,3.003966378,3.010588568,,
FRA,0.320390649,0.308947995,0.312181239,0.322695581,0.326897938,0.323440292,0.3168977,0.322147791,0.320518431,0.330957396,0.331883319,0.36029117,0.363685798,0.357632158,0.359351774,0.349214055,0.353414178,0.361680572,0.362809146,0.379009817,0.379991149,0.388428481,0.383708293,0.378298738,0.402971329,0.402051485,0.396372275,0.389277808,0.392349144,,
FRO,1.422471926,1.424737273,1.427254731,1.42762926,1.428585274,1.430692272,1.430366084,1.428786786,1.428670836,1.426738899,1.424039863,1.423943497,1.422505532,1.421594694,1.420775847,1.421970153,1.422192247,1.421468207,1.42203605,1.420863497,1.420838834,1.419361114,1.417148573,1.416228491,1.412076685,1.410525094,1.414263032,1.413270481,1.412648016,,
FSM,0.999388591,54.91642887,54.03348945,53.69177957,53.14146026,38.80976921,38.71507864,38.83425234,38.98070599,39.13124038,39.10263114,40.9841338,40.81188284,40.73977593,40.81047371,40.84892859,40.92009428,39.06515365,39.31688242,33.1965421,33.29931673,3.033819136,3.036880999,2.872852979,2.870644202,2.802501731,3.950544963,3.751153108,3.598578308,,
GAB,0.25842101,0.261873782,0.251598383,0.249493994,0.24672794,0.232934505,0.219540253,0.232563154,0.209344256,0.218798994,0.21108428,0.197687681,0.212317945,0.196972754,0.210625,0.207939604,0.226617607,0.244427737,0.23373174,0.239374363,0.239633494,0.333670667,0.338365671,0.337204976,0.337518586,0.328972342,0.334577141,0.351849488,0.362029071,,
GBR,0.210783356,0.206040527,0.210952059,0.215636573,0.220875858,0.221163799,0.218167879,0.220335431,0.216610218,0.217167118,0.211727336,0.207080375,0.209339356,0.20594007,0.205229843,0.204628485,0.200257048,0.20031074,0.201162157,0.208825833,0.204063263,0.212194096,0.20622174,0.210105878,0.22128537,0.224198739,0.231894037,0.237269656,0.237600877,,
GEO,0.189732684,0.239308205,0.744428969,1.257713328,-4.198688311,-1.438333076,-1.086633608,-0.957234819,-0.822201618,-0.814170783,-0.889063722,0.85523421,0.918175131,0.882477143,0.847144753,0.795919446,0.734235835,0.674818851,0.732891358,0.655563627,0.649997077,0.447473624,0.452524009,0.442477655,0.421032568,0.391563795,0.380723979,0.380690342,0.376494553,,
GHA,1.432354869,1.428126903,1.390177943,1.375236954,1.354065276,1.332599312,1.30944064,1.286470777,1.190309191,1.175583453,1.211615971,0.53598671,0.522507888,0.527992141,0.532603875,0.532508626,0.521844568,0.520073677,0.529850432,0.523189103,0.515546369,0.276887444,0.270905995,0.269649315,0.273288341,0.276506399,1.692484882,1.273249282,1.093576998,,
GIB,0.120317853,0.11526327,0.113537207,0.113946932,0.112645469,0.11242469,0.112599308,0.112466669,0.111717317,0.111462878,0.111156659,0.110172305,0.109485013,0.109068721,0.108755872,0.108192942,0.107780838,0.107005627,0.106017794,0.105622437,0.105506782,0.105764381,0.10696258,0.105467654,0.105926933,0.104508907,0.10336254,0.102803332,0.102035306,,
GIN,0.800759107,0.804987534,0.827031267,0.82811862,0.82447979,0.811782089,0.856874963,0.891615504,0.889816691,0.855472183,0.840868451,0.83961887,0.827447972,0.762315637,0.728371459,0.761729218,0.751586924,0.730243081,0.813726973,0.779553354,0.797174847,0.783888635,0.82210577,0.819343527,0.809580461,0.830524471,0.812193077,0.834504773,0.841076708,,
GLP,0.220245922,0.211532733,0.218768303,0.209480219,0.21039144,0.211492768,0.229329907,0.239024231,0.258073883,0.268246453,0.260857154,0.249543182,0.269731282,0.251820234,0.252181523,0.256390537,0.252616419,0.253307247,0.262595764,0.248263538,0.23131392,0.214623637,0.233783438,0.222240099,0.215891876,0.215804312,0.213301045,0.230118946,0.232755966,,
GMB,0.780177645,0.771976703,0.777648611,0.773664693,0.764209015,0.767821867,0.782766998,0.786814231,0.771820614,0.729589004,0.695517795,0.750321401,0.751872989,0.762992304,0.760673891,0.763331405,0.753882933,0.75298933,0.755009807,0.763712772,0.757199881,0.735557749,0.740832183,0.750117958,0.745595079,0.740785385,0.734520946,0.729974371,0.725027182,,
GNB,0.877266605,0.868927785,0.875273117,0.873559638,0.867520085,0.865149602,0.855085056,0.85184936,0.859494879,0.863495248,0.857668183,0.849835817,0.851606838,0.841980431,0.842659372,0.843916987,0.84530917,0.84536213,0.842813301,0.840809893,0.842227432,0.84282123,0.850382867,0.845844005,0.841224199,0.844016796,0.835517687,0.845910422,0.840341907,,
GNQ,2.378382229,2.331712728,1.928426807,1.429791107,1.068546424,1.044363525,1.001717081,0.83004543,0.730126499,0.695270986,0.669962227,0.259003025,0.28413346,0.267582968,0.241251236,0.226393992,0.22406964,0.23260286,0.207980203,0.217753126,0.213776864,0.214369396,0.220046304,0.22588521,0.239980755,0.248454396,0.260258564,0.271620726,0.273047811,,
GRC,0.269961588,0.271674355,0.265081199,0.263912118,0.262933009,0.255490881,0.258659586,0.259788518,0.25288447,0.248862867,0.242383996,0.236265796,0.238137268,0.237168341,0.234215502,0.231571814,0.234872901,0.236701042,0.234269744,0.233638351,0.24735982,0.234268553,0.229128566,0.244464342,0.250336204,0.248778583,0.246034103,0.244216785,0.244579067,,
GRD,0.285193876,0.277457531,0.274095153,0.26579442,0.251346449,0.269895842,0.259975482,0.232579188,0.272331019,0.294441889,0.291935663,0.287494429,0.288178814,0.273038704,0.273153898,0.274085631,0.269738814,0.26807905,0.263601997,0.254497204,0.238727476,0.242391556,0.234057353,0.211680134,0.234595441,0.231842484,0.239510946,0.273591221,0.277593055,,
GRL,0.634699492,0.634468834,0.63512043,0.635192555,0.635224685,0.63521627,0.635130605,0.635310473,0.635314479,0.635433333,0.631878246,0.630498545,0.628548793,0.62915418,0.227528205,0.247643548,0.203923693,0.286206744,0.274855352,0.289453703,0.242056593,0.233293747,0.3141543,0.355957004,0.370220646,0.351790301,0.362514699,0.37909549,0.378808489,,
GTM,0.845836485,0.841997857,0.825633256,0.813779955,0.806037591,0.785872448,0.790078671,0.7831954,0.759119802,0.751324063,0.738217237,0.747827052,0.741479145,0.743449288,0.728974167,0.723377093,0.719239586,0.706270349,0.727082839,0.723235441,0.722582911,0.647838049,0.644583359,0.637336422,0.624354697,0.595711983,0.53955167,0.547857476,0.533540279,,
GUF,0.828224887,0.810875538,0.831889083,0.807944395,0.809412796,0.791334673,0.803593711,0.811192796,0.814883229,0.820992498,0.895635965,0.86031377,0.839239904,0.804013402,0.770159726,0.855523928,0.890083994,0.87298448,0.813352357,0.806409123,0.818636064,0.811651764,0.842861836,0.849425948,0.853521091,0.822668441,0.822400324,0.858403978,0.861595172,,
GUM,0.854427051,0.854245232,0.854344558,0.854537351,0.85439696,0.854260254,0.854191983,0.854341957,0.854255605,0.854476327,0.854661644,0.854470229,0.854420423,0.854083168,0.853267069,0.852575211,0.852618077,0.852581747,0.852039418,0.851770553,0.851247989,0.851356662,0.851889025,0.851604981,0.851468852,0.851215761,-0.54993693,-0.557714944,-0.565900665,,
GUY,0.502927089,0.506498728,0.506383431,0.506802025,0.506507001,0.527350246,0.794474841,0.808850286,0.644670925,0.859637386,0.88069876,0.714658143,0.649862306,0.271223511,0.760314954,0.482829876,0.72158629,0.715057946,0.632097625,0.582017936,0.377917026,0.778103919,0.655382424,0.716207529,0.568848088,0.447674426,0.498544931,0.73759235,0.619632304,,
HKG,0.13262582,0.131582603,0.124023127,0.124277343,0.139468297,0.142027485,0.146116578,0.154545161,0.141271795,0.139480339,0.145836938,0.141928087,0.144447167,0.140932535,0.140934264,0.142455252,0.139461455,0.136891345,0.138921514,0.135327935,0.144211554,0.137278007,0.138587913,0.137424061,0.13533757,0.14301382,0.142541619,0.144668366,0.147561503,,
HND,0.803184133,0.802793419,0.789274133,0.777306489,0.765647904,0.739057029,0.72621786,0.726224379,0.694652491,0.692272288,0.684378603,0.652862945,0.658062095,0.658191841,0.624415873,0.629557444,0.637145914,0.605953555,0.615568607,0.632661544,0.637418867,0.622665897,0.613751781,0.613207862,0.623256031,0.597530296,0.605580398,0.599579633,0.587509734,,
HRV,0.340052863,0.357302033,0.369240487,0.350223587,0.36085077,0.347874906,0.342425218,0.341740579,0.315005525,0.328807905,0.334068888,0.310425406,0.302118658,0.28839619,0.303945,0.302362456,0.300624223,0.286779302,0.301037569,0.301184011,0.308873273,0.317060855,0.328722148,0.333510646,0.347229197,0.343718248,0.408829687,0.40646718,0.416807007,,
HTI,0.684008624,0.692566062,0.727551429,0.7194751,0.764027237,0.691505146,0.673511132,0.679685263,0.680237963,0.67760841,0.70396388,0.689602342,0.680449457,0.693365765,0.677742434,0.542947472,0.536344293,0.520450919,0.516330097,0.516797567,0.515998666,0.531334093,0.532256371,0.525851861,0.503705047,0.49639002,0.486688515,0.484953322,0.486946809,,
HUN,0.351083099,0.343267575,0.331773883,0.323357055,0.322375812,0.317990853,0.326833791,0.32542899,0.324022729,0.325146906,0.332939532,0.328777981,0.310041586,0.302693074,0.318661993,0.314706165,0.313979178,0.30507039,0.305747112,0.316013158,0.316077192,0.322554447,0.328905147,0.356372834,0.365173202,0.351163165,0.35353849,0.347000441,0.349853178,,
IDN,1.25402719,1.23317605,1.221138435,1.202051991,1.18421467,1.164137222,1.172031009,1.076774058,1.126868448,1.127357785,1.142251758,0.667061682,0.777261102,0.684723776,0.760210012,0.70330989,0.761672823,0.628605432,0.630819162,0.719655858,0.62521131,0.726631176,0.711183329,0.699936834,0.733985544,0.744035485,0.61492142,0.589554914,0.618523039,,
IND,0.673136342,0.65539724,0.649364502,0.642736745,0.629519262,0.61344867,0.60278342,0.588988767,0.589164667,0.568534478,0.554815676,0.498278699,0.485274069,0.481553752,0.467408448,0.461640589,0.453897223,0.440490046,0.428242101,0.403640283,0.39675373,0.391167077,0.375797846,0.376585849,0.363639111,0.362034846,0.354836491,0.348201271,0.342350042,,
IRL,0.550008771,0.54810455,0.545505672,0.547797182,0.540458888,0.540512807,0.524327053,0.527191902,0.518209684,0.506230907,0.496930297,0.483542412,0.485684602,0.480189791,0.472631415,0.467058419,0.458008153,0.453344769,0.455197922,0.480020145,0.472151646,0.499259405,0.503391395,0.517749862,0.519981082,0.511957176,0.511141139,0.519497828,0.522856954,,
IRN,0.295756997,0.277891482,0.288291903,0.276027581,0.264208592,0.261962867,0.260024824,0.25319826,0.264388603,0.242400205,0.236522813,0.24307671,0.237067672,0.233240704,0.224599904,0.219334171,0.215153846,0.206582879,0.20631191,0.203647298,0.204991147,0.188950412,0.190222482,0.188773587,0.175857913,0.178146637,0.181471595,0.180139175,0.180905876,,
IRQ,0.172998939,0.198004364,0.176097591,0.165686807,0.154344884,0.153023838,0.158846634,0.147395105,0.174418029,0.201327794,0.191415634,0.182542479,0.201483731,0.178453935,0.17975209,0.196411459,0.198355608,0.208750289,0.197265198,0.176684766,0.170527146,0.171337221,0.16105507,0.155404547,0.150972146,0.143623788,0.142434984,0.143236676,0.141576015,,
ISL,0.576868221,0.577975317,0.607992863,0.602346989,0.58504415,0.584996954,0.58336081,0.601343971,0.569668591,0.565491832,0.528273711,0.511432089,0.519855459,0.520590472,0.497424363,0.492506278,0.428135582,0.427049399,0.409881328,0.424626694,0.428456395,0.428806752,0.419353452,0.43440167,0.439005969,0.44366661,0.421509742,0.398009438,0.395867138,,
ISR,0.185878109,0.185424047,0.184525912,0.177938986,0.179869631,0.178796377,0.177263615,0.176641875,0.175564992,0.176638625,0.171718078,0.171718133,0.171261892,0.170937088,0.174036203,0.174051403,0.173921463,0.171805509,0.168345797,0.170843283,0.170970996,0.178733406,0.175466117,0.188328081,0.188599307,0.200852634,0.209202258,0.210097786,0.222401404,,
ITA,0.23264668,0.230600537,0.23172216,0.228651898,0.230103956,0.220142608,0.225083562,0.222914625,0.222108628,0.224913034,0.22607987,0.219870399,0.221720346,0.218092753,0.214187449,0.21341761,0.213214849,0.21589239,0.222421295,0.231717773,0.22578219,0.225712488,0.231269024,0.242112145,0.246924159,0.244747235,0.232796387,0.231502896,0.23202966,,
JAM,0.23235862,0.234958559,0.296199715,0.222062158,0.212933987,0.218106988,0.211248148,0.206804443,0.202548103,0.20330758,0.202286584,0.255823742,0.272229111,0.268650663,0.263848963,0.2572628,0.208955763,0.217660019,0.245763454,0.311698064,0.334820946,0.232850632,0.246195615,0.22134613,0.223197432,0.228529006,0.215167065,0.227323944,0.205910841,,
JOR,0.213949245,0.27452932,0.235261106,0.22301852,0.216991425,0.215396226,0.217750548,0.216790393,0.213916103,0.218195968,0.216071849,0.220804898,0.220820075,0.22954504,0.224022043,0.226732448,0.227564435,0.230849177,0.24180382,0.242628678,0.248856597,0.251530983,0.252214927,0.268298873,0.271074254,0.273975154,0.280608822,0.272921387,0.285134018,,
JPN,0.172469951,0.171790341,0.170847523,0.17099107,0.166693873,0.16370223,0.160603511,0.159727135,0.16148877,0.159296129,0.156840062,0.158395344,0.153742646,0.152063187,0.151948702,0.148211533,0.149552711,0.147675188,0.150718352,0.158139965,0.152239615,0.143564074,0.140618972,0.138943344,0.139471109,0.141276633,0.138781724,0.138848815,0.140168714,,
KAZ,0.202946293,0.201412985,0.190233864,0.214922616,0.231744776,0.219599217,0.217129229,0.205298426,0.188441118,0.202038832,0.196850357,0.208471985,0.208103716,0.202184539,0.190846984,0.180765685,0.173396727,0.169537397,0.157090655,0.162377407,0.157430503,0.148111329,0.145451765,0.138489824,0.148550894,0.149199253,0.145197305,0.151909244,0.154583304,,
KEN,0.780853506,0.775552514,0.770720013,0.769959141,0.768915652,0.758022337,0.731921444,0.72638778,0.718867641,0.724111439,0.698131775,0.737771091,0.746649465,0.757301644,0.758649882,0.748368277,0.722227237,0.784137346,0.779073339,0.759637782,0.762409252,0.735251887,0.726956511,0.725772869,0.720035683,0.70312214,0.737368541,0.721296582,0.735054175,,
KGZ,0.296248111,0.306668364,0.389472182,0.439419962,0.522104141,0.585134054,0.511502933,0.502408463,0.493524445,0.55635499,0.563449128,0.542862172,0.495048615,0.473082611,0.474756624,0.486995285,0.489813967,0.474262264,0.446271464,0.492355094,0.503153288,0.499130574,0.443020224,0.469286285,0.466903295,0.456480601,0.531679396,0.511351515,0.466757057,,
KHM,0.906276009,0.902987455,0.903646712,0.907002683,0.898992984,0.854753178,0.896654418,0.888893295,0.818886844,0.837593749,0.836788311,0.840596384,0.811536151,0.806011664,0.803268449,0.827251486,0.825989327,0.816761738,0.817645437,0.786030369,0.795934476,1.034318739,1.037496279,1.03264289,1.026805991,1.006433759,0.823311118,0.810672309,0.809468312,,
KIR,0.50191956,0.500416464,0.500157505,0.505330719,0.487568761,0.494923763,0.496054784,0.49467989,0.486820097,0.492555503,0.398810689,0.425624899,0.362480047,0.36114796,0.348505033,0.303106703,0.296986524,0.332390032,0.320602737,0.359612296,0.354232826,0.353192034,0.369076819,0.372202934,0.369651143,0.357803469,0.35927341,0.35725667,0.355498311,,
KNA,0.439626752,0.371214856,0.376665059,0.350120008,0.325560807,0.356724976,0.329882685,0.354728596,0.374008657,0.388270743,0.312567017,0.309991092,0.302200872,0.293061394,0.285496547,0.295822808,0.278161377,0.282465713,0.291108927,0.271745523,0.259290162,0.252189532,0.230158676,0.218416847,0.221009801,0.222223725,0.229299235,0.279289326,0.284386851,,
KOR,0.225342728,0.217280098,0.211837491,0.206227034,0.203179929,0.196400183,0.194084088,0.188990466,0.1955133,0.185113144,0.172444833,0.180804139,0.183557111,0.181729375,0.176342823,0.174003605,0.172820411,0.171546462,0.163080316,0.161643705,0.155948608,0.148177047,0.147286512,0.148498514,0.145563924,0.142780449,0.136263886,0.135894442,0.134527365,,
KWT,0.122321174,0.083467014,0.140541197,0.13338904,0.12780307,0.133680979,0.138006637,0.139547565,0.130718056,0.133409889,0.135107305,0.138309025,0.141775551,0.143196342,0.14722007,0.146039328,0.147749764,0.151466864,0.152539037,0.151618121,0.15253132,0.154200425,0.158769433,0.156933477,0.165082891,0.162577055,0.166107405,0.174580873,0.179630733,,
LAO,0.929443541,0.926174953,0.926453972,0.925909828,0.925924338,0.918211973,0.907540482,0.913447505,0.867748582,0.902273263,0.895611693,0.943021648,0.926031508,0.911881475,0.856430579,0.888893654,0.89523975,0.828354612,0.903213094,0.876359702,0.8297829,0.993349314,0.958259101,0.936874653,0.923275982,0.744414557,0.604763082,0.5877394,0.581174426,,
LBN,0.249512554,0.237024584,0.236597474,0.219139974,0.206182838,0.206063856,0.202701184,0.196497752,0.19194467,0.19119771,0.208921032,0.206043266,0.211808094,0.21637998,0.223611356,0.224128896,0.235449295,0.2453154,0.222571475,0.211503047,0.211164031,0.216081079,0.215890215,0.216977164,0.213385673,0.212739328,0.214699987,0.213132589,0.223034744,,
LBR,0.967162312,0.978056769,0.981896381,0.983257907,0.98169998,0.980563171,0.978742906,0.975224344,0.970478511,0.964593402,0.952504783,0.947198665,0.946120605,0.941455072,0.936787153,0.927767911,0.922448914,0.926004758,0.928908288,0.926720005,0.912885203,0.908490222,0.896089684,0.902891436,0.890188297,0.888830388,0.875242894,0.873369652,0.868957164,,
LBY,0.12005713,0.121018556,0.122281228,0.126426215,0.122999006,0.123720744,0.126343537,0.130472551,0.134926173,0.143219315,0.13937831,0.142705416,0.13933616,0.137436323,0.141760442,0.151005513,0.149956421,0.154406863,0.146028778,0.148570792,0.149014143,0.17402734,0.145786063,0.147162275,0.151549202,0.161509814,0.172238658,0.164166363,0.167078122,,
LCA,0.809412569,0.756712315,0.743797692,0.830649844,0.691390502,0.717549186,0.719180916,0.774627014,0.831667039,0.858214922,0.593710676,0.530750695,0.591918227,0.518260101,0.512082902,0.514920532,0.519438795,0.520073869,0.512529408,0.483874946,0.44897947,0.423539898,0.414505689,0.398105364,0.416579922,0.422129364,0.438338884,0.5321996,0.546170099,,
LKA,0.769945301,0.755045252,0.727335198,0.735446376,0.721374512,0.717310798,0.639665481,0.636595045,0.623276682,0.617415888,0.584149014,0.549178833,0.547458255,0.542821569,0.515638392,0.521288549,0.543134578,0.515895007,0.552288553,0.553501169,0.557106564,0.544684264,0.521702556,0.569807982,0.499997525,0.484942612,0.459376909,0.408772581,0.453028768,,
LSO,0.797929832,0.789098841,0.811599826,0.810343601,0.792019245,0.7818523,0.777192009,0.763267718,0.722944568,0.784107746,0.712227305,0.711309299,0.691621917,0.690199677,0.680767553,0.698078407,0.691557917,0.646702115,0.677428342,0.662690699,0.65881666,0.663388249,0.657127053,0.646185957,0.642506528,0.637774617,0.624318998,0.633211087,0.619718769,,
LTU,0.368020793,0.340039988,0.587267199,0.62379238,0.627266097,0.633996482,0.618360649,0.624547475,0.601592437,0.645460975,0.692493416,0.67814454,0.671989358,0.675056441,0.660653223,0.637532269,0.639316472,0.650628756,0.654831272,0.677837846,0.659955967,1.017999928,1.015133273,1.067936067,1.08287933,1.061723149,0.757469397,0.75133992,0.73452563,,
LUX,0.122942098,0.121001495,0.128591305,0.125393919,0.13492357,0.151068291,0.150142792,0.153676079,0.160906334,0.163320898,0.195665614,0.189975341,0.17370468,0.166034835,0.159626805,0.159194363,0.160136833,0.161053937,0.165656862,0.168912808,0.165685537,0.162337836,0.1627305,0.166146719,0.175018721,0.175956907,0.18220185,0.179089511,0.174983483,,
LVA,0.358119851,0.357140124,1.218449924,1.7091674,3.096596993,12.86890511,12.02554656,-77.08823458,-11.86648641,-5.032616204,-3.113957911,-2.327937014,-2.592409883,-3.026493603,-3.127964682,-3.600517704,-6.182450622,-12.16964664,-6.040526391,-3.543293704,-8.305224763,0.79518777,0.806882531,0.822645078,0.841572272,0.844327304,0.868089088,0.865396295,0.812815282,,
MAC,0.136571265,0.136873427,0.137817897,0.136200631,0.121237972,0.127736617,0.121754431,0.127526189,0.120538263,0.119242703,0.107803724,0.106887671,0.105488358,0.108192096,0.100916014,0.100962781,0.104088368,0.110272814,0.127015578,0.133037473,0.146666634,0.161922688,0.144361377,0.147665871,0.137114956,0.129984658,0.132546685,0.131097701,0.130162532,,
MAR,0.543714034,0.527148509,0.507207066,0.49196218,0.47677192,0.471988072,0.480561252,0.47887592,0.478116218,0.472455791,0.474363323,0.459183416,0.454063815,0.462415017,0.46264151,0.451269736,0.451418876,0.449510097,0.436359427,0.44418948,0.437895785,0.424886542,0.420004063,0.441015198,0.44045133,0.436940976,0.433167287,0.431730489,0.430709171,,
MDA,0.205721796,0.233486745,0.272417295,0.316643066,0.354369881,0.371361863,0.397827285,0.394458044,0.380298066,0.386970774,0.377097258,0.449665054,0.450130501,0.426634188,0.433485464,0.392502169,0.395618195,0.38593199,0.387373944,0.381115306,0.366263354,0.306329244,0.296391246,0.341025084,0.320998462,0.315681337,0.312415735,0.321684032,0.31746211,,
MDG,0.928495517,0.925120207,0.924984859,0.924638035,0.919959757,0.917728313,0.913768618,0.932733998,0.911714397,0.923622075,0.936272971,0.910041644,1.030943528,0.993129208,0.949919795,0.93302349,0.961434834,0.92777897,0.980708905,0.876205749,0.888090783,0.79589796,0.853941589,0.739062869,0.787991434,0.816333011,0.745539368,0.765597978,0.759125127,,
MDV,0.293746689,0.297727534,0.300304181,0.285627691,0.190626448,0.169317895,0.167119894,0.1857363,0.173683512,0.177072093,0.120856088,0.132479332,0.125769549,0.140309429,0.125577035,0.131848834,0.124047241,0.130050222,0.129492883,0.135351591,0.134666981,0.150860336,0.145137453,0.145766863,0.127814094,0.137113618,0.139141615,0.138170891,0.13794505,,
MEX,0.398210459,0.38659466,0.382750108,0.374781584,0.356236655,0.356196057,0.350937525,0.338237712,0.334235486,0.334521949,0.321411808,0.359709176,0.354984549,0.345713884,0.3421257,0.33657692,0.331118037,0.330362906,0.328484484,0.334625266,0.328195076,0.292726728,0.287529369,0.295897343,0.304334036,0.303658398,0.306379199,0.306151551,0.306214715,,
MHL,0.991527254,0.991267513,0.991007282,0.990744414,0.990479901,0.990212176,0.989945822,0.989673935,0.989403098,0.989129371,0.98885534,0.988582828,0.98830789,0.988032907,0.987754365,0.987474128,0.987195744,0.986915832,0.986632997,0.986349811,0.986064485,0.986036846,0.986077782,0.986120619,0.986156614,0.986189868,0.986216682,0.986240426,0.986258498,,
MKD,0.23408252,0.245931917,0.249329791,0.244932402,0.280323539,0.272446778,0.243807636,0.243623712,0.223091177,0.223065577,0.246402564,0.227320476,0.231760815,0.211464928,0.250446817,0.24104136,0.22295125,0.215108235,0.221143683,0.229378576,0.233394306,0.219242651,0.23023728,0.242493494,0.253216281,0.264345471,0.282532208,0.273488875,0.285529638,,
MLI,0.850513941,0.847745027,0.849270952,0.85206151,0.85117329,0.853328281,0.933308349,0.905853507,0.812301579,0.808313164,0.88211256,1.17318128,1.163012273,1.152872856,1.146402791,1.138281443,1.128270484,1.110709428,1.092687693,1.071815372,1.067234424,0.922695451,0.920030789,0.912283996,0.908976174,0.900971204,0.88967854,0.879542213,0.880616138,,
MLT,0.118852418,0.116601665,0.119900501,0.108717221,0.13530801,0.135427745,0.138026576,0.140960553,0.144134018,0.145176085,0.153764459,0.150192771,0.151665418,0.148935478,0.148526806,0.159498017,0.169854915,0.168742445,0.171152672,0.178056283,0.188730276,0.191574379,0.182796061,0.19621875,0.203989433,0.236111127,0.260052525,0.245054797,0.240837954,,
MMR,0.957297627,0.958337098,0.957206555,0.959025937,0.956285567,0.951047554,0.950736771,0.952018651,0.943217241,0.938831724,0.935731704,0.935813384,0.938233307,0.923036731,0.914589405,0.921579785,0.923885902,0.91627231,0.936018222,0.929544263,0.927884507,0.925815931,0.906387355,0.904905845,0.892229377,0.884927271,0.876380844,0.847849222,0.848486665,,
MNG,0.646559519,0.610342074,0.637589609,0.662712374,0.692637959,0.702084841,0.744933074,0.622648328,0.754863895,0.779346954,0.700286666,0.781425672,0.68651239,0.766375896,0.737245599,0.696267074,0.580288053,0.595518183,0.609499359,0.635905344,0.552835394,0.509066054,0.521258812,0.5335938,0.563080521,0.573967927,0.571233094,0.554051361,0.534864541,,
MNP,0.989760013,1.024666847,1.024625355,1.024582434,1.024537371,1.024489947,1.024439042,1.024386027,1.024334235,1.024288771,1.024253321,1.019264552,1.019248232,1.019240287,1.019238462,1.019240512,1.019260574,1.01928345,1.0193061,1.019324798,1.019336637,0.810481173,0.810478101,0.810499403,0.810527914,0.810551175,0.937404305,0.937404874,0.937405163,,
MOZ,0.78126129,0.783466332,0.781880887,0.780508989,0.783107995,0.782026926,0.904400509,0.916837081,0.909736647,0.909918166,0.917860365,0.774299403,0.799026889,0.760098153,0.753817021,0.744189662,0.744536998,0.74257583,0.725872898,0.741770124,0.699585504,0.723759046,0.697649072,0.686263064,0.676160104,0.674801025,0.672769706,0.67919506,0.657740264,,
MRT,0.903786314,0.88466901,0.728074705,0.731961349,0.716500344,0.707916055,0.721418076,0.723644081,0.72564123,0.730863517,0.86603007,0.862014457,0.858315882,0.854025077,0.839329063,0.838781528,0.817396079,0.80684883,0.777385662,0.792761653,0.793506431,0.797968158,0.782992815,0.801834889,0.784647266,0.78567984,0.896931853,0.875891334,0.872138906,,
MSR,0.983486446,0.975891951,0.976760098,0.978552286,0.978327823,0.971323004,0.971566903,0.972229796,0.972044619,0.974404184,0.98189714,0.963070582,0.950681215,0.93190702,0.934405349,0.916876893,0.880134518,0.880843754,0.923204934,0.916683347,0.781260252,0.804124418,0.820035893,0.812999307,0.801562507,0.791504842,0.824648496,0.830634824,0.830762117,,
MTQ,0.158739074,0.170307423,0.163475946,0.140283236,0.143487995,0.144443611,0.143936523,0.146718221,0.171995004,0.199234786,0.193513187,0.198522004,0.190291019,0.184230405,0.185602843,0.187012479,0.184950656,0.182869397,0.186641925,0.17795743,0.168364878,0.167298349,0.165968467,0.163051604,0.161656287,0.168582787,0.16839573,0.162776669,0.162913264,,
MUS,0.382907223,0.365740411,0.359803683,0.333828214,0.331402592,0.334844758,0.332439882,0.333016227,0.317099585,0.285445023,0.28020985,0.291640592,0.278013089,0.259191533,0.262635523,0.244219775,0.295581441,0.296695279,0.299056081,0.310079633,0.30507416,0.299912408,0.299021993,0.301647987,0.305028897,0.308098354,0.310535263,0.316813536,0.322065479,,
MWI,0.854978174,0.844706622,0.841470888,0.844705172,0.839104503,0.839045047,0.808816633,0.806816524,0.811246745,0.81776663,0.760827611,0.751206788,0.808488641,0.80136352,0.811905564,0.808990371,0.814670861,0.804966499,0.803754102,0.800124822,0.787580461,0.840811369,0.843789533,0.837697652,0.838208994,0.840099935,0.846048577,0.848349152,0.844230549,,
MYS,0.503172274,0.47740631,0.474579897,0.456345711,0.452843297,0.439787892,0.405364727,0.397557421,0.459715824,0.383491015,0.368887985,0.331793665,0.339167933,0.32937837,0.337965831,0.333384721,0.30667933,0.310767141,0.297027142,0.34787799,0.331547366,0.559781133,0.548926027,0.510706129,0.523349733,0.48498297,0.337831522,0.333961148,0.330244221,,
MYT,1.029425792,1.029127131,1.028815711,1.028499818,1.028187477,1.02788364,1.027583074,1.027292077,1.027012676,1.026745491,1.026503743,1.041858672,1.041106391,1.040382542,1.0396673,1.038954929,1.038256762,1.037550916,1.036831538,1.035924067,1.035038809,1.050423272,1.048719865,1.04772292,1.046756764,1.045395586,0.947213209,0.95180849,0.952685622,,
NAM,0.884427601,0.908247625,0.902497639,0.890832223,0.879682273,0.872501563,0.858951237,0.858703462,0.842297558,0.849650571,0.830277308,0.893854893,0.901669485,0.89829105,0.888130474,0.889906725,0.883291003,0.875737292,0.867873343,0.86721986,0.868834733,0.859389322,0.860536927,0.853002188,0.853791657,0.843214937,0.846826156,0.845290567,0.848124349,,
NCL,0.239144545,0.230816565,0.236493654,0.237847674,0.216892522,0.220711569,0.210138809,0.224560612,0.200871819,0.189790905,0.146245973,0.145819179,0.133378998,0.129694119,0.128424111,0.120522674,0.116837439,0.122051308,0.125999641,0.13787455,0.109994458,0.138252335,0.135130266,0.140586427,0.120275648,0.130400245,0.13369186,0.126321698,0.124469521,,
NER,0.889882879,0.88523752,0.885261554,0.882589096,0.886061689,0.881772686,0.880895707,0.884289308,0.875551639,0.885052978,0.941655402,0.939077904,0.939192405,0.937825927,0.937531488,0.940064381,0.941001647,0.939803602,0.93954062,0.933144106,0.92083034,0.925425475,0.913123566,0.914594004,0.911697652,0.913630815,0.915245299,0.915330556,0.913449196,,
NGA,0.393415253,0.389404155,0.374857618,0.375976911,0.368559052,0.355092543,0.338928129,0.36045988,0.356864924,0.386546092,0.3642737,0.355396599,0.391543829,0.374834199,0.381077612,0.383187419,0.402784435,0.412515027,0.417761601,0.435769022,0.420701882,0.415921702,0.421746912,0.421148979,0.417100379,0.426564554,0.443074843,0.443680642,0.437006229,,
NIC,0.924616334,0.91953886,0.911830822,0.914286149,0.905303286,0.898028175,0.89371217,0.889425293,0.87707263,0.878065173,0.875153945,0.889508712,0.886796678,0.885651469,0.881559009,0.885234786,0.88133068,0.878636859,0.88272792,0.8843273,0.881671161,0.850376374,0.854632818,0.861116463,0.854868634,0.843587438,0.87399815,0.874734247,0.879184199,,
NIU,1.019736271,1.019674243,1.018840765,1.019611524,1.019365585,1.019364727,1.019340233,1.019345755,1.01935289,1.019365897,1.01937348,0.999545316,0.999545816,0.999606748,0.999606325,0.999611705,0.999608902,0.999613271,0.999607306,0.999601721,0.999598028,-1.504805427,-1.527166604,-1.550576391,-1.581914078,-1.61525536,-1.94080606,-1.975504562,-2.008322244,,
NLD,0.308209582,0.306609884,0.31161357,0.307902595,0.30432961,0.29391709,0.289753114,0.288783547,0.287460068,0.292252171,0.288149538,0.27941796,0.272485517,0.267746963,0.266436251,0.268318537,0.26936021,0.268087742,0.255217028,0.25585332,0.25098063,0.257644439,0.257300738,0.256731412,0.262955088,0.26390198,0.262075411,0.260698825,0.260691884,,
NOR,0.374792714,0.404385224,0.378119509,0.358599067,0.344980746,0.342134637,0.345088215,0.334236157,0.328646022,0.310819542,0.320355692,0.366837487,0.377899392,0.340370089,0.360061122,0.376951559,0.372713811,0.363763463,0.362119775,0.346298699,0.314668108,0.304188043,0.314682211,0.315098458,0.304226699,0.306237808,0.303534456,0.311997854,0.309103851,,
NPL,1.015195721,1.006678902,1.004622008,0.998531345,0.988592567,0.985594378,1.002983167,0.997525117,0.988884351,0.951651268,0.95659675,1.028537741,1.062354538,1.002905315,1.040910965,1.006607982,1.054729935,1.052129188,1.014857035,0.961858494,0.969706432,0.820334126,0.795654398,0.799541407,0.77556393,0.795540647,0.700881508,0.736169087,0.701500373,,
NRU,0.785334307,0.786294381,0.787356197,0.788109987,0.787081319,0.786150931,0.784896998,0.78377369,0.782809809,0.781705743,0.780552032,0.779177344,0.777897308,0.776545019,0.774989748,0.773648818,0.772238048,0.768801184,0.766685792,0.765344509,0.763833107,0.762433532,0.761345105,0.758936672,0.756464019,0.755809707,0.755354765,0.754858037,0.754883287,,
NZL,1.129649939,1.111574613,1.075970858,1.078977571,1.069951872,1.058260818,1.030452066,0.988326159,0.997745932,0.969486497,0.947621478,0.860478305,0.864736293,0.862004892,0.865696849,0.861047547,0.859539856,0.873682552,0.854963552,0.909147258,0.919704008,0.849117534,0.828814036,0.830483385,0.828779606,0.8318348,0.782716383,0.771634194,0.776999868,,
OMN,0.116870079,0.094898996,0.102065575,0.111923335,0.120848028,0.115608479,0.117082415,0.124912832,0.129433688,0.125788857,0.117683444,0.112488168,0.10725235,0.109600103,0.114687295,0.136777181,0.127227304,0.129832502,0.135480646,0.133257517,0.131729072,0.139708643,0.137573851,0.140549687,0.14008074,0.135709093,0.135726195,0.131866702,0.13220641,,
PAK,0.661296671,0.663138802,0.641780203,0.633816186,0.629958873,0.621223432,0.6209744,0.61652872,0.616036759,0.60425106,0.600237483,0.59675313,0.598453162,0.601106332,0.586204978,0.585367482,0.579986615,0.57291648,0.583649963,0.586712202,0.588672145,0.598074407,0.593414036,0.602371579,0.602427592,0.594953808,0.593040121,0.581970276,0.577090803,,
PAN,0.840606577,0.816951902,0.785997111,0.781918088,0.771465776,0.758180327,0.759001186,0.745491658,0.704022812,0.731848247,0.728148448,0.66649524,0.69759806,0.707516363,0.697201211,0.638498714,0.624001967,0.62671254,0.644079432,0.600188955,0.581775339,0.54848415,0.532341151,0.529937777,0.517250852,0.520481972,0.526581004,0.541938239,0.557998627,,
PER,0.996341597,1.002657054,1.000514012,0.996409259,0.994523965,0.964965492,0.950146686,0.944033254,0.946652542,0.940669783,0.942808873,0.876388414,0.869309146,0.869608959,0.845894846,0.825076955,0.84392685,0.809939543,0.800361319,0.785098965,0.746836716,0.743903538,0.744888269,0.739369565,0.728418741,0.723886437,0.684038872,0.694656379,0.693779497,,
PHL,0.772038775,0.770617958,0.749201784,0.737697298,0.721502404,0.675947259,0.670991439,0.640196683,0.634334614,0.652927342,0.649975942,0.672108204,0.664769578,0.660947889,0.662453849,0.649369009,0.677472391,0.664548124,0.664001224,0.657299287,0.634268606,0.504738842,0.489807605,0.480446958,0.467544117,0.449602013,0.439158748,0.430822723,0.42438254,,
PLW,0.08814899,0.088266605,0.088586868,0.088691504,0.088549003,0.092551147,0.090999587,0.097321893,0.092675271,0.091798864,0.07308339,0.072726791,0.073034839,0.075249819,0.074097689,0.073511208,0.075121671,0.07342247,0.082821708,0.092691513,0.095110525,0.117546549,0.12559877,0.117671043,0.114497205,0.114970374,0.115137547,0.115042368,0.115043326,,
PNG,0.604834746,0.602129063,0.601487049,0.600828926,0.599173834,0.617362749,0.805797919,0.309318652,0.732253668,0.77637658,0.774211603,0.855816685,0.589109352,0.699545534,0.42787083,0.705013702,0.574516603,0.746439036,0.643539647,0.733746322,0.636155045,0.81202406,0.78085686,0.751749463,0.631275861,0.366778247,0.701838718,0.628359713,0.588274855,,
POL,0.244667354,0.242471459,0.241206419,0.247275186,0.251700975,0.254365135,0.256892971,0.262485876,0.270172925,0.2697087,0.272885935,0.314954568,0.319053851,0.309750283,0.307918825,0.316073335,0.300060123,0.30577644,0.309024133,0.317778238,0.309561938,0.277435791,0.280922194,0.280692099,0.289552953,0.284707005,0.286227401,0.285838536,0.282643283,,
PRI,1.025965764,1.026723737,1.037216495,1.026246355,1.013522256,1.0016036,0.995081752,0.994332612,0.994743562,0.957489773,0.788386776,0.947889538,0.947862368,0.871936156,0.896209449,0.900408811,0.89366228,0.900165643,0.874897394,0.957401034,0.895204328,0.546772707,0.43148395,0.402642591,0.398523668,0.404756073,0.565085704,0.676251166,0.689613097,,
PRK,0.159877625,0.163440339,0.177560371,0.18715349,0.184713537,0.182259679,0.192453584,0.199221631,0.218861435,0.205707327,0.195558801,0.169141289,0.176332292,0.1745083,0.171568985,0.166576656,0.16494805,0.190670568,0.176021891,0.216484305,0.228290709,0.272988677,0.265199156,0.311744447,0.283103646,0.304839858,0.290156309,0.343459018,0.384485342,,
PRT,0.374591418,0.368142767,0.349904072,0.350639713,0.347767461,0.338596902,0.352351151,0.348986275,0.341499387,0.328280158,0.329468355,0.285253007,0.28002284,0.279370566,0.277997511,0.269773694,0.274839672,0.278799924,0.283534076,0.28053807,0.294044718,0.290909077,0.28915089,0.289990956,0.29232608,0.286006991,0.283528268,0.272115729,0.279788331,,
PRY,0.949904276,0.948257554,0.94285188,0.939741116,0.934977328,0.930947454,0.926375549,0.914976914,0.916483947,0.905096256,0.936245394,0.94642704,0.940324957,0.944629673,0.943450099,0.945559709,0.938153484,0.930442713,0.930236941,0.938567546,0.933750537,0.951519696,0.951126819,0.951632895,0.951296634,0.947094005,0.925867262,0.914691302,0.912788645,,
PYF,0.211014356,0.210906258,0.221688678,0.227534482,0.241310424,0.24481128,0.245810004,0.243123865,0.235519645,0.240464278,0.239939454,0.189722205,0.181747616,0.181269592,0.185698543,0.176337194,0.184586976,0.190164426,0.194147441,0.207851033,0.203162922,0.212141401,0.218097714,0.217663605,0.21014191,0.20343765,0.209468307,0.211098735,0.209194342,,
QAT,0.146426421,0.142070116,0.142145807,0.136595368,0.14263411,0.140577934,0.144969107,0.158340277,0.156672404,0.153393103,0.155302194,0.14503847,0.115390856,0.126470541,0.124893314,0.127031601,0.125287613,0.11553809,0.120324403,0.123754277,0.11237254,0.1159028,0.095358087,0.12700548,0.127638129,0.129692399,0.129895382,0.13217033,0.132186736,,
REU,0.211633012,0.185699112,0.195485803,0.17817556,0.175421676,0.177814819,0.180476328,0.181036086,0.155933792,0.157437761,0.163277751,0.164856128,0.170738054,0.169334512,0.163676965,0.175109184,0.181330922,0.189420109,0.177073743,0.177985144,0.164599295,0.169936069,0.176026036,0.17741645,0.175503057,0.172956354,0.173479153,0.176737592,0.173956402,,
ROU,0.222506628,0.226802235,0.244845653,0.233527048,0.240053977,0.231869108,0.226168051,0.229990538,0.227319708,0.244612539,0.244162661,0.244002289,0.239470054,0.231490912,0.251522015,0.252405811,0.242710973,0.247906845,0.257216149,0.268658229,0.278124065,-0.20981575,-0.208808115,-0.20355766,-0.210018361,-0.209083852,0.437522357,0.424946511,0.42692484,,
RUS,0.168166016,0.165496803,0.214305003,0.220063096,0.231724348,0.230747001,0.221415133,0.237104061,0.218541703,0.218971155,0.216551738,0.248305408,0.24641709,0.227514335,0.238238242,0.232675435,0.230536894,0.236739886,0.222404697,0.252868462,0.240983252,0.23604578,0.223552587,0.236425145,0.24063582,0.245381519,0.233175322,0.23558079,0.216587282,,
RWA,0.810010967,0.802605698,0.812315866,0.819417875,0.804279601,0.810723014,0.868227024,0.831532239,0.847591492,0.857854778,0.913298978,0.905471162,0.880580674,0.709507303,0.822631818,0.769171062,0.816979377,0.928744328,0.797666253,0.883527159,0.856667848,0.841020172,0.865902157,0.77829686,0.88425676,0.72568831,0.724288552,0.754220582,0.870797807,,
SAU,0.1309224,0.130387065,0.128029121,0.127651625,0.126553575,0.123163391,0.122410446,0.125358307,0.121177946,0.122932687,0.129245435,0.132258488,0.131988498,0.13304556,0.134561152,0.135791704,0.135485161,0.135642206,0.130018127,0.126171544,0.118980064,0.119881043,0.120086178,0.121453684,0.121376726,0.122665395,0.128111888,0.129741754,0.136833626,,
SCG,0.189451534,0.207672046,0.209130818,0.227833043,0.23457133,0.221648814,0.213294413,0.202655801,0.200784398,0.240540874,0.169375305,0.281993773,0.264630174,0.238298787,0.234678064,0.252286183,0.140369921,0.151367726,0.155091003,0.154188752,0.162772255,0.155716714,0.166097437,0.166042364,0.174282342,0.160991147,0.156718647,0.163510886,0.161579036,,
SDN,0.806863347,0.817057234,0.834652877,0.859784359,0.840003211,0.844324643,0.851149911,0.847205006,0.856646205,0.864546132,0.857607131,0.853377904,0.841038721,0.846844864,0.843454327,0.838655153,0.826426512,0.821342097,0.813046621,0.812178224,0.807858366,0.801890205,0.338410215,0.430907662,0.576592797,0.475497118,0.450384881,0.370547633,0.3432892,,
SEA,0.031901034,0.031822419,0.031766443,0.031866237,0.031908795,0.031957008,0.031987858,0.03207593,0.032070438,0.032086285,0.032092296,0.032119265,0.03199172,0.032017234,0.031992953,0.031957226,0.031811269,0.031720175,0.031704624,0.031638443,0.031592324,0.031593951,0.031694124,0.031654897,0.031629157,0.031615983,0.031640674,0.031617683,0.031616143,,
SEN,0.758039691,0.759349069,0.751672081,0.755379647,0.753743723,0.747701383,0.718233436,0.712504474,0.69608452,0.671210936,0.687634105,0.627127303,0.622672462,0.626086267,0.619070057,0.613133032,0.616738354,0.599809429,0.600355132,0.598304694,0.596438876,0.637262171,0.644561975,0.647744093,0.64892166,0.645890488,0.630557208,0.627592857,0.630617568,,
SGP,0.083704717,0.08400538,0.080139085,0.07650926,0.077293384,0.079242235,0.078889724,0.080278881,0.079530632,0.083769758,0.076638422,0.079852158,0.09719556,0.102689969,0.107382832,0.11887189,0.120968016,0.120276454,0.124786174,0.11879939,0.10807133,0.108459764,0.113421654,0.107704927,0.109435978,0.11321171,0.123028077,0.124179694,0.132785623,,
SHN,0.318566492,0.427045449,0.437815457,0.38864724,0.386459768,0.380872963,0.517047319,0.484027052,0.491417279,0.47747318,0.285287828,0.308794662,0.306261833,0.296310042,0.276381636,0.266621384,0.279332901,0.259220729,0.253564085,0.250666122,0.241972741,0.239792609,0.237868908,0.216176202,0.216301855,0.214174886,0.215402862,0.21118931,0.206117691,,
SLB,0.081377969,0.082125948,0.082835628,0.083325766,0.083286489,0.083984299,0.08430964,0.084800531,0.084675837,0.085399288,0.085136119,0.158714733,0.159663975,0.161235119,0.163278338,0.164937569,0.166946263,0.168690563,0.171457061,0.173511274,0.174564089,-0.021408048,-0.021566374,-0.02193103,-0.022047543,-0.022411201,0.009079154,0.009389934,0.009511813,,
SLE,0.818066872,0.798102612,0.834510644,0.84040988,0.834297571,0.813751994,0.804455083,0.795345985,0.790250701,0.771995233,0.802034279,0.801422374,0.807217361,0.80708554,0.810165954,0.824215476,0.81592502,0.805449595,0.809432059,0.813216898,0.810062647,0.803340691,0.797916134,0.787305001,0.785625025,0.797874046,0.792067708,0.789353399,0.78498109,,
SLV,0.676887269,0.63801857,0.614279336,0.59363415,0.564501052,0.532209787,0.5773028,0.546635352,0.514908404,0.521532053,0.523756095,0.521677126,0.518850569,0.501675857,0.511418261,0.502133833,0.495601424,0.48916674,0.5180152,0.52096603,0.52262466,0.502588594,0.513490776,0.520328391,0.528611887,0.509053201,0.506918458,0.528989035,0.511961495,,
SOM,0.960267185,0.961564459,0.9604442,0.962280416,0.96078458,0.95974781,0.958559692,0.957276372,0.955354121,0.952803305,0.945429542,0.943233219,0.941136024,0.937750372,0.936860539,0.93555829,0.930540351,0.929049884,0.924077238,0.921177591,0.918828738,0.917220836,0.916547143,0.917182412,0.917977979,0.916205956,0.913425142,0.908401644,0.906476743,,
SPM,0.078018286,0.079791854,0.083281167,0.096684375,0.09810801,0.119195784,0.118001933,0.15804346,0.156999767,0.184156011,0.183712032,0.185027992,0.176984921,0.167004384,0.170730053,0.17192195,0.16838534,0.171657389,0.173137348,0.167648029,0.16121583,0.160323467,0.160018482,0.147361646,0.153740307,0.153122971,0.161279524,0.199879049,0.201576357,,
STP,0.424027556,0.386200622,0.41193247,0.416812154,0.380654072,0.377490997,0.375301415,0.367711067,0.363655001,0.358280661,0.378038394,0.381421307,0.373902484,0.358994766,0.336771185,0.332389364,0.327106168,0.331308842,0.316857687,0.313898597,0.301740741,0.652878364,0.64271521,0.645390437,0.649340827,0.6375594,0.630628943,0.620810182,0.611024123,,
SUR,0.527177252,0.533108002,0.539496929,0.536196841,0.536753205,0.539670988,0.712765445,0.694678783,0.65852387,0.752868498,0.760392505,0.72415115,0.529749434,0.33765217,0.429956761,0.671516145,0.6476569,0.750159314,0.576229148,0.507644961,0.630111475,0.725840374,0.71509203,0.682572015,0.687151243,0.605138085,0.75466665,0.822993486,0.693433709,,
SVK,0.214457079,0.212552075,0.205991552,0.265146899,0.25900081,0.258860774,0.262262873,0.264284809,0.256708105,0.252487236,0.262429973,0.237586645,0.233853056,0.232962596,0.232907153,0.238112136,0.245736249,0.24622237,0.24447021,0.246590283,0.243079376,0.241150677,0.244094916,0.249880556,0.258172178,0.263131859,0.219285615,0.211518769,0.217247249,,
SVN,0.202482328,0.201847708,0.345630841,0.348141429,0.350203579,0.355159407,0.353181258,0.354104743,0.370978796,0.397363708,0.413760146,0.457087783,0.449793305,0.460967767,0.439970947,0.432246902,0.426524936,0.424560058,0.39266689,0.42891299,0.417722318,0.356572956,0.366026732,0.364924771,0.400486063,0.39483229,0.274695218,0.275856923,0.275609484,,
SWE,0.735256355,0.724306739,0.702702432,0.705397032,0.685593522,0.688899775,0.651889781,0.691487393,0.686552638,0.689777803,0.7228181,0.898474308,0.877967268,0.870226838,0.885047973,0.856997237,0.848042001,0.873540438,0.921760541,0.983455339,0.898863544,1.008853741,1.088037157,1.131710964,1.14023963,1.148492905,0.915103216,0.923720006,0.947593973,,
SWZ,0.730006385,0.699084243,0.741129462,0.767322086,0.617484922,0.641932704,0.634585756,0.565867518,0.543912157,0.532562926,0.455031349,0.424593216,0.430592016,0.462852106,0.465584096,0.444987925,0.42954485,0.39333974,0.392420718,0.409624597,0.440844358,0.595207575,0.627497745,0.617501661,0.662722405,0.64557958,0.620301711,0.635457351,0.619533513,,
SYC,0.193518711,0.16668194,0.179823291,0.179616558,0.179507207,0.173529064,0.169814496,0.159125654,0.153425882,0.15005833,0.110892727,0.105430264,0.118184939,0.116069041,0.102886752,0.111993768,0.109712825,0.124081854,0.112443776,0.111195961,0.11310133,0.132123769,0.121465394,0.130888857,0.122884913,0.119781599,0.118783831,0.120163724,0.118570931,,
SYR,0.229651795,0.208202173,0.218166913,0.208350674,0.211502018,0.213379733,0.216549117,0.225590747,0.224981994,0.224573816,0.226995409,0.22659325,0.246735331,0.250046228,0.278179222,0.274112041,0.270975994,0.269390784,0.258624955,0.258787439,0.249044595,0.272167477,0.299124734,0.35337104,0.379926962,0.38968535,0.400491667,0.399551947,0.409364279,,
TCA,0.804468654,0.802713086,0.801125929,0.798673619,0.796464492,0.345800519,0.353761888,0.366882915,0.376187381,0.401327604,0.223662213,0.222685298,0.205950315,0.174487975,0.190884401,0.19053443,0.178126712,0.175873932,0.178529772,0.171673095,0.161544874,0.16684823,0.16907508,0.161003622,0.15986782,0.159182166,0.164308676,0.172967433,0.174148927,,
TCD,0.911298395,0.932556454,0.935429656,0.941153033,0.939597149,0.940501447,0.93101469,0.896072907,0.813065527,0.808190481,0.856670949,0.971076486,0.970859396,0.963039586,0.944299529,0.943714095,0.947320524,0.950221048,0.953952084,0.956697303,0.957382424,0.962886521,0.963190216,0.963164767,0.961990317,0.961451857,0.962549095,0.962157129,0.962279173,,
TGO,0.790067949,0.788749016,0.792458635,0.799841915,0.761264063,0.744643244,0.713450191,0.732910804,0.714550399,0.696282034,0.691085124,0.609822171,0.604644015,0.583823106,0.590832992,0.598943699,0.604730388,0.603036879,0.575105743,0.51154855,0.524894523,0.533706278,0.558656241,0.553174659,0.552964219,0.553268867,0.551255995,0.550366386,0.543907418,,
THA,0.615426131,0.595838654,0.583671982,0.559567942,0.535928531,0.503632075,0.482649547,0.484872152,0.502447246,0.500237253,0.490841902,0.516741674,0.503830312,0.503585216,0.489383949,0.48337787,0.480798967,0.477248327,0.480918668,0.49797029,0.488914709,0.502025589,0.486461004,0.471658299,0.468221125,0.459899409,0.394910024,0.417492139,0.420122642,,
TJK,0.331584312,0.349705839,0.41596035,0.488659449,0.596689452,0.6235827,0.634861092,0.613071515,0.584369727,0.592096553,0.609889908,0.645458808,0.653877502,0.656838022,0.630213908,0.648201572,0.640924812,0.604671307,0.648260617,0.704619305,0.705577566,0.713469678,0.696949627,0.698833333,0.643161058,0.635018396,0.596518491,0.579387637,0.545307962,,
TKL,0.999429809,0.99943596,0.999442893,0.999446464,0.999450783,0.999450011,0.999448154,0.99944408,0.999441511,0.999438509,0.999441763,0.999449596,0.999463749,0.999480964,0.999498215,0.999511964,0.999522164,0.99952836,0.999529975,0.99953002,0.999529574,0.999525768,0.999528114,0.999531158,0.999536119,0.999540401,0.999544614,0.999546729,0.999549292,,
TKM,0.154297308,0.159976407,0.163212649,0.190071863,0.214421889,0.217375771,0.217806415,0.226126515,0.222968286,0.215250267,0.208285669,0.207821297,0.21278858,0.213872045,0.21925589,0.215189522,0.223910167,0.214859198,0.218182617,0.237784449,0.228203772,0.212807869,0.215854815,0.213636372,0.214670461,0.212828678,0.214426497,0.215962138,0.215616606,,
TLS,0.871481718,0.880657909,0.87617449,0.880024078,0.878118193,0.880685953,0.882833574,0.87521236,0.844496564,0.784846277,0.773745973,0.842044606,0.846396733,0.858124802,0.608979811,0.570998869,0.409569893,0.308044143,0.309796416,0.296602657,0.314882162,0.313606405,0.330609625,0.312324229,0.326912634,0.299106901,0.339116438,0.33893337,0.340711039,,
TON,0.554660557,0.549874696,0.567412414,0.570225555,0.479775903,0.499990958,0.472919692,0.458586346,0.443927309,0.452389065,0.53824629,0.552086512,0.537805248,0.497245146,0.5109883,0.493703877,0.478928084,0.533376848,0.517097663,0.511864443,0.519685867,0.498595034,0.512576793,0.522214358,0.504546325,0.487751806,0.485221504,0.504310475,0.499052052,,
TTO,0.284960952,0.291834316,0.289924043,0.284597843,0.285275712,0.288294137,0.284430103,0.278066342,0.287967453,0.312031765,0.289003392,0.285158242,0.280119856,0.259671322,0.26293474,0.279842268,0.257126558,0.242925137,0.247984163,0.247777357,0.253296679,0.257390869,0.237136816,0.222095695,0.223118111,0.235662997,0.261754827,0.26131051,0.26234152,,
TUN,0.338651792,0.344137935,0.336429512,0.343311253,0.341222135,0.340954803,0.344089091,0.330036021,0.3277466,0.323518973,0.322466699,0.320423277,0.319143229,0.319674246,0.316500634,0.339641543,0.342751654,0.337798362,0.339427827,0.340937067,0.325102215,0.296195694,0.294259911,0.294259154,0.295879979,0.295915754,0.359670089,0.361113971,0.366261989,,
TUR,0.379270306,0.37247873,0.36407595,0.365430935,0.359935927,0.339239971,0.32135789,0.306283924,0.301838223,0.3030239,0.279268253,0.318334329,0.311721304,0.301742919,0.305680525,0.295928222,0.278106301,0.260819915,0.275635771,0.273133563,0.269655586,0.277572711,0.259884079,0.27315164,0.266018865,0.258268643,0.238621381,0.238326697,0.244742728,,
TUV,1.010598744,1.008451316,1.006951438,1.006111734,1.00388585,1.003232941,1.00355271,1.002194535,0.999921982,0.999117183,0.998375242,0.990017712,0.988283863,0.987332873,0.986167653,0.98533565,0.983965501,0.98180798,0.979293016,0.978609485,0.977692217,0.971775123,0.970754683,0.969192207,0.967959391,0.965335388,0.96747581,0.966289033,0.965095435,,
TWN,0.213869634,0.203378756,0.192651837,0.184272784,0.178174601,0.171303211,0.164556763,0.151006704,0.140618874,0.13350869,0.125033093,0.11934827,0.101570059,0.100430438,0.098892071,0.101697005,0.101775287,0.095270511,0.097103811,0.099390122,0.099522702,0.10177228,0.103310593,0.101161519,0.099555267,0.100792631,0.100983888,0.098588045,0.097574149,,
TZA,0.557292469,0.557392023,0.557856979,0.558848379,0.559409253,0.566450365,0.515488528,0.566845746,0.52043452,0.546704923,0.633742293,0.655167844,0.571764944,0.519535525,0.512794483,0.485552276,0.570508981,0.536469865,0.533474221,0.559837749,0.566691182,0.56911002,0.595238336,0.617480842,0.62388422,0.599492512,0.647467798,0.617669202,0.684598647,,
UGA,0.881444814,0.880005078,0.88292596,0.886204872,0.87094026,0.869082652,0.863502829,0.874276309,0.850736835,0.862202566,0.845552221,0.884603817,0.832614985,0.807521578,0.792862914,0.788171579,0.81129765,0.862810124,0.851158857,0.83913955,0.842455602,0.832781021,0.838645958,0.830068621,0.825147542,0.816274953,0.830638447,0.813273346,0.836218852,,
UKR,0.187875846,0.187919172,0.204450633,0.217821537,0.242425642,0.226371915,0.24058355,0.23774753,0.229075744,0.219720794,0.213541669,0.203131732,0.202988604,0.19117048,0.203625853,0.224514959,0.20840172,0.202740683,0.208346967,0.217477157,0.213414378,0.205930138,0.202814089,0.212361326,0.220818211,0.241942528,0.25346539,0.257541529,0.253271796,,
URY,1.594850274,1.509877982,1.445583714,1.440694464,1.45085691,1.430073531,1.37530819,1.374103755,1.375290277,1.317168186,1.401972109,1.238342336,1.243733929,1.237172819,1.183782656,1.186159505,1.150251838,1.165899891,1.066303865,1.058780087,1.109576461,0.973505379,0.948587057,0.97932375,0.976150669,0.959732044,0.839725316,0.84140519,0.835415489,,
USA,0.186219387,0.189545294,0.188698937,0.185252145,0.185051975,0.197277057,0.195879098,0.192412491,0.189996429,0.188996647,0.189154701,0.179167335,0.180555277,0.180976822,0.180961364,0.18206467,0.187706981,0.183226865,0.190135753,0.195908656,0.191567074,0.191791769,0.197512572,0.19698367,0.197012017,0.199852831,0.209238313,0.20916855,0.20898895,,
UZB,0.239137802,0.230012242,0.227727004,0.221834339,0.222917093,0.246275191,0.264560795,0.268171756,0.237836673,0.239453374,0.233831995,0.244735169,0.240602421,0.251289464,0.261814473,0.265459204,0.267541512,0.275618808,0.276344018,0.303570996,0.316524583,0.308188734,0.314482873,0.339086679,0.342540868,0.36712496,0.388793427,0.391542406,0.395582808,,
VCT,0.689777589,0.68406885,0.575885227,0.727629406,0.451632789,0.423694734,0.457767097,0.424770352,0.427588466,0.450895188,0.494170697,0.356045144,0.348452196,0.326071251,0.312865607,0.319789547,0.323308604,0.331058652,0.336386805,0.276343268,0.310083398,0.324407618,0.285419931,0.295046757,0.292084957,0.291834534,0.296257681,0.371211737,0.376315714,,
VEN,0.609348594,0.609124621,0.606561054,0.594601837,0.593110632,0.571157867,0.569113503,0.55949629,0.555172526,0.576961712,0.566350399,0.446151663,0.48743964,0.460743176,0.477554238,0.470817515,0.461811134,0.467006887,0.440231753,0.446531192,0.394126171,0.482382861,0.461881511,0.443785023,0.463916397,0.468310314,0.361852196,0.409507648,0.425872575,,
VGB,0.248401815,0.242968786,0.244327876,0.256345055,0.261228335,0.265776844,0.229095882,0.240658648,0.265335576,0.289372767,0.235919096,0.235168868,0.230754041,0.21827719,0.21387245,0.218328302,0.207497905,0.210741492,0.207215493,0.195726894,0.186212024,0.187446556,0.187528395,0.178545604,0.183872234,0.183819922,0.193099463,0.206896695,0.208867416,,
VIR,0.905682818,0.90509645,0.904340552,0.903221034,0.902299495,0.901341582,0.900575394,0.899922231,0.89924192,0.898678896,0.898184577,4.073594657,4.05949594,4.05329019,4.026852631,3.988555014,3.963541594,3.894869267,3.88384426,3.948492701,3.957418278,2.607692415,2.683675132,2.712524725,2.705295814,2.71367986,-0.516408343,-0.516197897,-0.515873594,,
VNM,2.301721854,2.144222026,2.025032091,1.833312368,1.679206717,1.508589054,1.415068214,1.314512658,1.20741129,1.174593957,1.114645045,0.568475675,0.555635999,0.541332534,0.514429771,0.497237351,0.493065863,0.473348622,0.459243532,0.439879884,0.462786951,0.542639655,0.54651404,0.549033056,0.524583097,0.486946174,0.445799469,0.449256579,0.42484196,,
VUT,0.78908753,0.818464505,0.889774547,0.89630012,0.890093258,0.891526824,0.890851892,0.889448412,0.886061249,0.880016703,0.833012335,0.807123163,0.813941987,0.801057629,0.82755986,0.82806024,0.842007785,0.819982843,0.821608569,0.799263718,0.793041451,0.746269649,0.786094974,0.793010654,0.774878603,0.778899037,0.780805664,0.767842165,0.76247008,,
WLF,1.461261565,1.459019973,1.453031482,1.452125238,1.451318137,1.451795205,1.449665392,1.450063811,1.449501569,1.448273032,1.444519601,1.441462644,1.43833525,1.437153377,1.43777267,1.438279666,1.438494183,1.439258879,1.44106201,1.44237925,1.444648291,1.4862575,1.488613353,1.490211018,1.492656829,1.496074822,0.999784344,0.999783851,0.999783489,,
WSM,0.719804521,0.718851877,0.731013513,0.717215161,0.70227536,0.703758336,0.700857487,0.696979416,0.691496431,0.69328604,0.668903791,0.663680603,0.662582865,0.661325269,0.659669372,0.650455451,0.650540078,0.652696914,0.644618468,0.651568792,0.644026404,0.606657748,0.619439041,0.624897841,0.625495293,0.554799422,0.576177035,0.536240365,0.530346581,,
YEM,0.432143141,0.397406982,0.39654412,0.408579087,0.387912853,0.4014921,0.409007011,0.408322438,0.414953879,0.406493862,0.407544512,0.417872152,0.434501169,0.4208611,0.429702719,0.419687754,0.412304098,0.412681432,0.420197891,0.350674817,0.347958856,0.368481482,0.384123704,0.356302586,0.372269585,0.506081039,0.561578556,0.574033201,0.602037308,,
ZAF,0.189088425,0.192774734,0.1941676,0.191611883,0.193005845,0.188437525,0.18587183,0.181454584,0.179366319,0.185832536,0.179085647,0.18318563,0.182600867,0.17904199,0.174732806,0.174724616,0.170491241,0.172325107,0.164605689,0.178836694,0.175906836,0.184500548,0.180892586,0.180793961,0.177757643,0.183915964,0.183682454,0.187837895,0.18858088,,
ZMB,0.102466582,0.102920278,0.102893549,0.102602895,0.101866497,0.101122416,0.092029831,0.102826975,0.098854509,0.111688405,0.090780729,0.121140756,0.094242148,0.095304826,0.093858431,0.083507091,0.09462048,0.102831044,0.102303864,0.115844138,0.111326081,0.141182162,0.139638884,0.137452099,0.146295756,0.14397832,0.135665132,0.156706224,0.158797556,,
ZWE,0.610292992,0.569949067,0.57465209,0.569662479,0.594137708,0.597988432,0.636142359,0.645170412,0.646975918,0.645699282,0.683212303,0.658169191,0.661447298,0.69551677,0.683932554,0.668994859,0.701024734,0.713879712,0.748137487,0.766087063,0.706354922,0.670254707,0.660512162,0.658299616,0.631873268,0.638098154,0.234139398,0.235305121,0.235726042,,
,,,,,,,,,,,,,,,,,,,,,,,,,,,,,,,
,,,,,,,,,,,,,,,,,,,,,,,,,,,,,,,
,,,,,,,,,,,,,,,,,,,,,,,,,,,,,,,