Country_code_A3,Name,Y_1990,Y_1991,Y_1992,Y_1993,Y_1994,Y_1995,Y_1996,Y_1997,Y_1998,Y_1999,Y_2000,Y_2001,Y_2002,Y_2003,Y_2004,Y_2005,Y_2006,Y_2007,Y_2008,Y_2009,Y_2010,Y_2011,Y_2012,Y_2013,Y_2014,Y_2015,Y_2016,Y_2017,Y_2018
ABW,Aruba,52.4675869,58.44577919,66.70255787,62.30150409,68.5063526,75.82926455,58.73438487,81.16256411,99.39694422,127.2189316,141.3978486,144.5449031,135.3032805,155.0080481,163.5497737,171.20936,154.5072326,159.9219071,152.1821802,159.3644198,141.0758382,135.1293011,173.6039091,169.5261608,172.058516,169.9024212,172.8774005,158.3178653,154.6671619
AFG,Afghanistan,10625.10787,10830.8811,10950.53673,11171.8215,11299.59487,11815.2676,13155.15911,14252.95484,15083.50075,16150.74986,14389.97729,12774.8562,15412.91126,16002.8673,16170.53739,16123.64592,16182.47058,16596.79802,18068.89548,18810.39853,20963.79733,21558.23316,21216.8188,20942.20679,21451.73019,21147.53878,21050.77827,21302.70837,21196.13215
AGO,Angola,32156.59676,32464.23528,32567.38829,32602.14628,34115.35334,34801.96522,40930.12665,40057.61572,47268.0534,45761.81702,39904.19391,58991.98343,59971.14011,60246.39008,66050.46468,67170.73923,62893.78777,62947.67438,64069.47301,65693.10414,67693.46721,66277.36628,67652.08741,67200.27761,68146.58122,69470.34123,69064.5576,71539.34272,66445.75131
AIA,Anguilla,2.72660843,3.00926748,3.13016865,3.406826921,3.932456632,4.488218543,4.493259583,4.194689245,3.99848813,3.960589943,4.461198231,4.6263978,4.022951949,4.481819706,4.427965081,4.590753968,4.573168224,4.554366927,5.036120125,5.795507114,6.373053598,6.660544667,6.705420294,6.993231917,7.027910416,7.078795915,7.159169559,7.27269507,7.181544401
AIR,Int. Aviation,1322.248427,1285.268168,1325.968003,1352.13143,1424.838702,1481.416851,1541.112346,1620.190699,1675.333378,1747.125982,1812.911451,1776.564388,1879.038581,1870.58108,2018.684144,2149.113839,2227.710585,2289.370341,2327.098087,2216.41331,2339.399901,2426.222186,2445.366423,2487.015536,2570.11499,2712.218964,2831.883565,2990.773933,3116.257046
ALB,Albania,4260.823984,3853.034806,3551.11444,3755.743353,4454.070176,4417.983441,4129.354299,3973.571397,3938.736167,4589.135503,4606.241976,4606.34997,4762.952399,4742.848457,4611.919391,4368.821451,4714.531401,4542.713885,4176.326547,4092.736698,4346.630812,4426.243474,4294.442321,4198.182363,4651.494752,4577.566621,4528.350526,4926.751156,5086.41733
ANT,Netherlands Antilles,228.0941433,235.5791963,248.0165855,215.2601993,243.9965263,245.1462096,258.1676631,434.611107,504.5002889,591.6933581,615.8799756,626.1786222,572.2401599,570.9438975,601.8376453,636.9301494,613.5194325,668.3481819,669.4372672,609.2440065,459.4466464,564.0525355,498.1284545,464.4442629,511.3312909,516.2709052,460.6540614,422.0868762,372.2064307
ARE,United Arab Emirates,7161.870638,7411.507169,7757.682681,8616.151621,8847.981502,9599.888151,10160.41097,10377.81623,10313.33523,11288.01878,12926.73375,14147.01611,15250.33939,17468.93364,18836.16148,20836.41705,22272.208,22480.85237,24652.59319,24620.33519,24944.41687,25559.52799,27527.76942,29265.15747,30907.82175,31827.55188,34871.83929,37305.89738,38592.90072
ARG,Argentina,247217.6636,246609.3122,249510.577,247326.2401,250635.8725,255865.3604,255588.6508,256532.8057,255187.7006,261172.4031,259864.4151,307631.1884,314162.1733,330668.3575,337030.1849,340301.4796,346078.1453,347408.4963,348318.6789,334389.4337,329099.0592,295991.0839,298185.8575,305954.8073,312016.3584,313814.9543,273980.076,276767.1527,274442.2747
ARM,Armenia,4676.558361,4040.579411,3129.845981,2349.860662,2191.870103,2177.509163,2181.722893,2206.187664,2066.959506,2057.886228,2157.497932,2340.715622,2367.987446,2429.687489,2630.193648,2659.485319,2656.110214,2730.897419,2765.476527,2589.416114,2555.527407,2439.230174,2607.801125,2669.183929,3124.321359,3177.903634,3214.052993,3092.817637,2960.659072
ASM,American Samoa,19.42208433,19.69194205,19.95950712,20.22265495,20.47707249,20.73638227,20.96811844,21.19849631,21.43408375,21.6524315,21.85542947,22.0193345,22.09812063,22.17760107,22.16030448,22.12583336,22.00087821,21.95396538,21.78767824,21.61079625,21.52138303,22.29155545,22.21057557,22.16903083,22.18858217,22.1851252,22.54885622,22.47957358,22.40214854
ATG,Antigua and Barbuda,100.4577735,103.5596072,106.3362061,103.4279855,107.6008869,110.495017,110.2228464,111.8568677,122.0614144,138.3767059,134.5793902,135.3954534,133.5567461,140.3681188,144.2751181,143.8929066,140.4108902,143.4117422,144.4981706,151.4801889,125.2531872,137.6309425,147.5514536,149.0694217,151.6439612,150.0819567,154.9638237,143.3504321,140.743539
AUS,Australia,238478.1696,237485.6333,234937.3319,234564.3878,237131.3481,235263.1079,240614.3951,242879.6575,245438.9147,246334.0536,250615.4143,261599.3858,260750.3849,256868.4409,263835.2025,266114.5675,264288.72,260765.5023,257676.1754,260791.2226,258356.9705,202837.5249,194289.9591,195478.6532,194459.5024,190425.1394,185652.7574,192602.1299,190353.632
AUT,Austria,22509.15773,22695.57924,22302.54914,22118.73454,21693.74486,21667.8461,21732.83307,21987.80493,22034.12639,21789.63924,21941.93339,20828.1214,21367.1339,21799.7849,21192.2832,20736.78541,20585.8831,20267.85823,20072.77766,19259.23738,20126.91653,20308.55951,19766.86223,19926.52892,19930.27529,19867.03613,19927.10735,20047.98453,19732.14854
AZE,Azerbaijan,16847.42991,15065.75157,14562.33615,12631.58408,11547.35012,11118.8998,10782.92192,10891.75368,10401.60918,10513.40565,11325.25194,11724.87702,12012.3565,12506.4291,12867.55003,13981.06328,13839.75263,15809.04554,17391.91127,17625.30782,17512.31521,17588.93269,18465.76032,18872.7694,19167.2369,19135.57949,19523.65929,19326.92335,19335.451
BDI,Burundi,7815.795359,7853.380817,7876.879536,7853.428575,7743.702878,7947.943741,7967.4437,8021.414831,7948.867628,7992.717052,8041.359272,6086.483318,6061.475652,6131.556753,6228.250394,6381.985164,6544.112993,6685.044779,6823.672267,7058.973208,7320.950395,7534.976374,7519.710568,7943.67852,7977.376937,8017.059424,8331.2856,8953.340291,9018.418176
BEL,Belgium,30144.48498,30339.02309,30625.22434,30502.61837,31979.39246,32616.12438,33485.41231,32511.54195,31870.32873,32147.51014,33104.84662,31280.70588,30509.25897,31479.37642,31638.37121,30258.51833,30795.34794,30685.55725,30877.44374,29833.11247,31423.72427,33622.52105,33361.14656,33058.56311,33294.04135,33684.40903,31066.54506,30967.01066,30962.33444
BEN,Benin,17935.75899,18060.53994,18139.04517,18180.24825,18466.46395,18244.4958,18938.98946,18930.18611,19371.71095,19398.29359,19692.63104,15213.4145,15436.9484,15507.77653,15677.79848,16049.83443,16161.21424,16338.26773,16457.42895,16684.21453,16800.53026,16977.04506,17097.92275,17419.31677,17429.88926,17618.30066,18033.59811,18321.59214,18854.93264
BFA,Burkina Faso,17131.94445,17523.3737,17772.53313,18013.38354,18302.68712,18625.07476,18902.84399,19251.68487,19866.19456,20014.17266,20199.51358,20087.47655,20418.18946,23618.05,24032.43364,24608.54204,25004.33091,25439.5259,26099.41645,26563.61279,27206.87762,26857.95911,27393.25595,27942.96596,28443.66133,29078.41966,29805.68099,30419.75421,30884.52417
BGD,Bangladesh,147194.4454,145886.0369,146123.2748,144478.6935,145239.8785,147913.6867,148333.8313,148035.2604,146086.1334,150664.4045,151151.4681,153265.5564,155512.82,157248.3299,156680.098,160548.1819,162654.557,164729.9386,169958.4316,171113.1412,173793.5223,177289.671,178196.1401,178540.2897,181206.72,183398.5253,177879.839,184752.1086,189117.5216
BGR,Bulgaria,30438.6751,26927.08547,23904.84821,21190.97976,20818.73885,20435.30585,20573.26286,19534.94873,18135.49015,17832.99634,18274.63455,19044.70235,18396.86347,18723.69822,19190.32901,19138.03576,18705.37289,19171.06787,18493.88368,17560.11154,17696.29366,14490.82282,14109.96593,13893.15149,14648.03831,14926.65029,18417.37846,18459.25314,17887.15423
BHR,Bahrain,3641.445015,4028.624648,4553.014909,4870.706018,4926.684344,5087.171229,5218.66798,4839.423782,4911.175893,5527.639568,5558.633613,5700.254941,5572.462363,5358.086046,5499.677894,5951.215325,5732.123144,6068.832666,6785.430107,6939.886449,6774.152939,6866.754446,7483.559683,8259.487653,8467.116497,8553.456067,8782.311866,8859.050037,9087.859661
BHS,Bahamas,374.3380884,366.5445013,354.9999342,344.7824539,367.7995583,408.1065686,460.889426,466.0562552,579.8327017,628.7854334,657.3052902,636.2517028,609.7255028,505.8674032,572.1518617,548.208228,565.7892088,608.4828348,643.2224313,555.7098524,555.3253524,607.6684908,660.3543134,691.22769,640.8318667,612.6178547,662.1330858,664.7963724,597.3373941
BIH,Bosnia and Herzegovina,3535.075312,3391.91029,3005.059815,2984.216062,2433.717409,2183.938398,2059.317039,2579.546118,2959.142644,3089.374517,3234.550456,3147.319809,3163.327529,3297.356896,3459.695969,3586.835622,3876.995309,3837.592305,3807.438591,3989.994819,4006.083394,4244.725372,4111.948764,4252.660046,4199.676167,4174.527553,4362.800475,4428.099466,4418.798884
BLR,Belarus,46296.95684,45080.1987,72087.27335,68621.16032,64004.08952,61563.45078,60841.071,60563.94709,60447.67014,59444.01714,58617.43697,55100.52708,54824.75214,54632.25714,55482.32849,55387.27983,55893.51248,56048.29912,59633.18396,59163.17793,60296.77255,64684.11788,65139.12846,64826.5128,65382.55838,64583.49661,60578.59479,60300.49036,60245.74187
BLZ,Belize,6994.157515,6992.220075,7013.367525,6995.478996,6997.186606,6962.562066,6976.285454,6970.42501,7067.447363,7030.43446,7041.885823,3691.632956,3721.138047,3889.76202,3670.934211,3756.061451,3727.543043,3830.024304,3794.139669,3811.468044,3848.343755,6362.754328,6071.352573,6196.975097,6066.456728,6111.460641,5898.733217,5970.421926,5921.332442
BMU,Bermuda,72.53786586,65.43240063,59.49279912,60.4173677,60.16191412,61.31741652,62.69202029,62.92971145,73.91337812,90.68359672,87.30956623,88.25707973,84.54890525,88.08790237,91.25704699,93.20612986,94.68159005,106.5985473,103.7908268,92.37616574,101.7540765,83.55401596,93.90844756,95.15741792,116.0071819,98.22077926,120.9656963,112.5899157,109.9530844
BOL,Bolivia,97604.29075,98367.09322,98857.94686,99168.34162,99968.66488,99201.80174,100956.3009,102315.8987,102230.6554,108239.5385,100681.9088,78709.73054,82256.99083,80034.12858,90213.694,84694.76225,86204.28252,90454.08782,85318.96186,84408.26092,101575.1482,91742.38053,91634.89038,91133.04023,90522.75344,92613.74891,101444.1592,100419.1059,101511.8643
BRA,Brazil,1857857.22,1880878.594,1898776.764,1915938.725,1940977.132,1963134.769,1955973.183,1968672.641,1984600.963,1985143.418,1983183.877,2221527.137,2253742.503,2292619.333,2317403.028,2325735.98,2319704.233,2327581.729,2329098.519,2332581.498,2373332.625,1553801.347,1557001.196,1570148.965,1585598.612,1598659.705,1475875.667,1478055.091,1465343.292
BRB,Barbados,305.3633044,309.5427984,315.4343872,293.6859226,292.7136692,295.3186033,292.1472384,305.0228971,333.7863395,379.5792504,376.280715,368.8428499,345.0628964,352.3266229,354.7471269,351.8849252,329.9667179,322.7341709,351.6289449,357.0141895,343.2068541,384.2089816,390.3382344,395.4803637,367.1405963,369.6983755,380.3127,360.3517452,355.9081906
BRN,Brunei Darussalam,2382.431535,2415.134285,2414.220787,2458.290626,2510.75803,2558.756196,2363.017915,2631.905933,6855.859438,2423.418855,2540.753834,2721.465223,2557.21656,2780.968529,2579.891094,2611.234125,2724.706612,2723.041073,2941.883348,2890.182667,2838.043875,2030.503582,2085.433665,2059.127426,2150.447137,2019.797623,1954.867515,1935.924344,1947.686376
BTN,Bhutan,823.4087344,839.9056132,795.6362496,785.3662688,777.2484887,852.7108632,840.3161975,831.7264844,822.5873327,855.2448557,808.4739342,739.527704,728.3022005,737.3389316,746.0903964,844.9573199,836.7766049,865.4655138,750.7699513,807.977332,808.0904432,826.3206769,832.7390613,821.839522,777.9435114,775.0009005,776.6766089,770.6520166,767.9485238
BWA,Botswana,47175.98045,46318.84161,45937.16412,45559.36973,46019.84728,46933.2325,46396.69274,46470.15131,46802.89679,47098.65223,47222.56041,47198.21828,46409.80587,46361.29141,46379.02322,46566.51249,46632.99213,46635.21514,46840.901,47148.01625,47519.75709,47374.20544,46886.37844,46621.99438,45926.17481,46114.62134,45784.71266,45140.30997,45838.07411
CAF,Central African Republic,33234.01299,33626.70507,33720.40445,33814.89924,34013.11475,34218.5219,21125.7274,24157.98475,26838.84917,25952.51511,25300.57252,37265.60251,35464.82682,44459.9959,36336.94074,41786.50935,40831.8635,43255.6579,41882.58794,35958.13101,41309.22008,43249.20924,41446.60151,39076.57591,36744.5241,38567.66753,44276.43204,41251.16149,40767.05227
CAN,Canada,243920.8229,244474.1554,248104.4524,250443.6016,252500.322,257996.8138,262313.994,264470.2765,265706.932,269395.0266,271229.5147,266112.0594,267641.0796,268721.2795,271706.2282,285335.9012,286337.0849,290614.2197,288027.8659,282363.5536,286196.0753,272834.0159,273861.1475,277326.7044,280077.2006,281238.6064,284676.6167,285885.49,288906.1563
CHE,Switzerland,12565.98431,12581.54953,12103.42163,11992.2511,11973.36999,11673.01266,11572.74081,11579.26979,11564.51447,12353.66142,12218.31356,12386.83735,12128.42105,12123.05064,12129.06004,12150.05163,12450.71965,12421.66605,12536.07561,12186.42542,12340.26163,12181.69433,11980.24962,12180.55962,12239.20963,11897.76931,11793.55089,11894.35122,11750.15529
CHL,Chile,23438.15362,23918.64925,24932.54999,25601.00563,26525.94355,27297.57452,28471.3454,29220.05445,28924.7851,29619.65022,30347.18587,27299.53132,27762.26359,28235.72025,29619.04439,29659.13054,29888.90577,30423.97895,31233.1723,31148.73485,30230.80079,33412.57902,34471.13638,31859.46346,32116.64838,32221.01085,33721.7484,35481.40996,36927.68839
CHN,China,1713774.555,1726732.691,1719310.929,1704516.711,1738727.921,1876639.801,1817920.898,1824385.489,1849111.162,1838022.152,1733334.523,1749174.035,1786814.541,1837069.999,2041745.452,2135503.269,2222297.961,2277054.314,2308022.813,2379491.426,2362239.296,2470730.673,2492923.395,2537431.038,2522736.069,2542378.086,2518778.487,2491569.09,2511003.261
CIV,Cote d'Ivoire,66690.68105,66927.35899,67094.30371,67119.14045,67477.90212,67971.76474,68205.56377,68907.18751,69244.06584,69488.88912,69542.6108,34948.44564,35347.59462,35210.01676,35457.20618,35839.58237,35949.84331,36096.48156,36220.37039,36936.92199,36957.12978,37150.88662,37918.72194,38450.75469,38965.53481,39182.25206,39206.40659,40150.08304,40373.32834
CMR,Cameroon,67352.90762,67291.56755,67266.30531,67298.86899,67396.5874,67598.59444,68189.4842,68373.3169,70984.52011,70871.35173,71571.32106,59803.11771,59776.07259,61672.88514,60808.732,62288.38232,60858.54366,61000.90508,60408.09547,59979.69267,60648.27517,53202.68616,53699.5467,54709.66235,54795.67915,56078.05906,56670.91894,56793.52126,57126.40855
COD,Congo_the Democratic Republic of the,406457.6739,406345.2984,406839.8959,406943.1579,407207.4646,407024.1796,408792.1344,415591.2102,416833.9085,410087.5782,407526.599,396194.0756,403043.6884,407314.2829,408883.4723,409606.405,411412.8083,407898.4614,410442.3199,410354.7036,411849.6348,646704.0171,647258.3588,649486.145,650315.0424,653256.6426,653837.7051,653924.8665,651179.1344
COG,Congo,12268.0142,12270.91779,12291.23906,12345.28655,12306.0956,12642.9283,13302.22748,13406.54512,13682.55874,14111.29312,14045.73249,13348.56076,12362.22613,12780.72099,12943.38841,13688.57915,14123.54143,13631.07122,13594.60102,13839.68091,14347.12974,14418.09531,14691.50229,14563.48804,14624.82758,14754.37932,15903.88691,15942.81118,16369.50045
COK,Cook Islands,12.83427088,11.43113821,13.21018071,14.35910767,15.14238523,15.48131787,15.77918741,16.45336226,17.06333468,15.46640821,14.77054327,13.82130283,11.99934137,11.81551186,13.35351599,15.3106314,15.50647793,14.32798233,15.01867661,15.01584676,16.36139758,22.01856896,21.41387702,20.77323542,19.95770089,19.68963481,19.66178526,16.10285164,16.24130775
COL,Colombia,179804.8563,179592.6822,181323.4714,183360.681,184570.8716,185365.8345,186999.1779,187859.5646,188504.2791,184825.0962,186846.5538,181145.9135,181483.5364,183340.5669,184920.617,186249.989,186988.1582,189654.9204,190948.917,192126.9139,193735.7439,164352.2528,159484.3397,157454.2483,155929.7527,157345.9798,185593.8944,187171.8614,192128.0316
COM,Comoros,318.1176819,319.3948058,324.1445377,329.5584431,332.4227072,337.5394666,340.9456844,345.5413483,354.9079211,362.954767,351.604116,363.6964906,371.5659683,365.1220995,371.6032967,405.9568055,393.1447546,383.9882381,399.6623069,407.3681608,418.7310456,431.2939342,439.8556644,450.0049742,457.2925691,466.0336574,478.3051512,484.6699884,491.9244588
CPV,Cape Verde,147.7514835,156.5994694,184.5065723,186.8215054,171.1427994,197.8176764,168.7885715,182.9537284,199.1188231,205.3664023,215.0502793,223.5464324,230.7675563,232.2438402,247.5624086,267.9102248,270.9408142,280.6051774,278.4517327,288.4154535,296.6981,271.4549676,263.1548427,266.7080579,271.1920902,274.2550977,283.8573517,269.7973526,273.7168974
CRI,Costa Rica,10269.81784,10408.83383,10897.4621,10914.35646,10714.89125,10254.28607,10393.01286,10474.71287,10641.86809,10387.39209,10307.16517,7182.022391,6946.548735,6949.243106,6914.226462,6944.701301,6926.652297,7331.899264,7528.774273,7608.166579,7888.521912,7858.477917,7599.1871,7581.903995,7781.346281,7851.656018,8185.048002,8301.098254,8552.366275
CUB,Cuba,26133.88643,24987.19284,24096.9747,21236.74726,21875.46736,21112.33682,22225.57651,22135.52049,21684.9124,21035.82776,21009.93169,20101.625,20049.36583,19856.82202,19395.53751,18444.37208,19060.88732,19199.62431,19721.95783,20176.41553,19994.4181,20447.32641,20497.9376,20664.7076,20769.08324,20018.21848,20071.35027,19723.4453,19685.9025
CYM,Cayman Islands,35.02008704,35.66987717,37.74782655,34.18515691,38.74291226,41.05951624,41.94910357,42.58591364,50.47460983,61.71145813,74.45623033,75.88373215,72.37360484,76.70946857,75.05919274,75.90264615,72.28927827,83.41973563,86.18822988,85.82958141,84.9041171,95.26566526,96.34051089,96.94591253,98.87827505,100.6231485,102.5462063,100.7954583,98.91668315
CYP,Cyprus,1254.73573,1621.910203,1553.72784,1619.638305,1658.295766,1674.970946,1786.516077,1717.388306,1755.793312,1805.873964,1826.846708,1833.253822,1901.802319,1980.012182,2001.727987,2046.503685,2065.789818,2102.534396,2131.139497,2054.988784,2171.169878,2056.103281,1997.539667,1899.403174,1996.784093,1993.789452,2063.968079,2110.685819,2162.532767
CZE,Czech Republic,34646.51878,31049.67165,27769.5797,27751.82623,27626.11939,27715.69453,26777.81994,25491.11611,24840.7928,24307.8334,25071.32361,26181.61219,25234.92521,25230.90072,25028.72736,24767.19442,24761.00071,25230.56612,24956.36906,23111.51417,24431.75215,25040.5092,24547.15248,24673.92789,24450.17601,25149.58114,25022.18369,25371.63417,24933.04827
DEU,Germany,218115.5232,214476.7316,206568.7996,200261.0085,199101.5453,200260.9142,200240.1935,198202.8097,196463.527,190738.8291,186930.9894,183989.3726,185626.4865,183738.7566,181962.0055,177257.6791,176150.104,176781.4246,176682.1891,171652.7494,174144.6973,172113.6167,172057.6116,173679.6224,172764.3511,171101.3262,170339.8687,168592.5104,164534.0975
DJI,Djibouti,876.8631613,900.833563,909.5219536,935.8508655,943.0870831,995.9089073,1018.616586,1032.82879,1044.255701,1082.357843,1054.144157,1059.807824,1068.593974,1081.274397,1093.08884,1104.082569,1106.563345,1123.356729,1137.71298,1117.608786,1115.107254,1118.186286,1144.462411,1161.704394,1179.511755,1181.801472,1214.552092,1240.942722,1242.63266
DMA,Dominica,115.8476893,115.7359719,116.2470839,116.1417767,117.4840415,118.3851597,118.7088273,120.1618159,122.050902,124.9443578,126.0397325,72.70865393,70.65288963,73.09933924,75.48297307,75.12531856,74.46894662,77.18351981,76.14392565,77.46909609,78.01401235,81.96261747,83.7682306,83.20718728,84.82301995,85.47477869,86.55726661,89.78422081,89.34128453
DNK,Denmark,25554.70807,26533.56635,25591.41539,25828.64246,25971.9411,25908.12529,26195.64816,25896.52322,25245.05926,24721.80534,24360.61485,24528.25248,24056.86899,24369.73446,23489.34782,23074.68087,23540.0741,23215.54132,22431.24768,21806.14645,22039.20316,21460.17112,20797.54981,20735.62352,20401.54975,20012.38104,22581.72384,22160.61267,22201.73522
DOM,Dominican Republic,10022.11242,10579.42004,10341.12908,10714.03258,10908.53334,11130.36488,11550.06001,11851.07405,12325.82751,11655.86649,11539.262,12065.78473,13104.49626,12737.93321,13187.63726,13273.4972,14023.46494,14888.47955,15179.44871,15822.24312,16246.2651,16193.18885,16416.18408,16638.29062,16688.40815,17092.18585,18336.14633,18568.36283,19322.42723
DZA,Algeria,27450.6621,27518.0488,29502.48515,30629.79674,30086.14557,30814.60813,31221.66078,30614.9386,30914.93566,32176.40183,33762.64293,32063.60875,32115.34531,34069.80784,34460.77808,35503.35486,36285.69989,36774.0474,37553.34018,40909.94713,42443.65607,44658.4951,47787.85761,48795.77023,53302.76145,55722.95098,55523.81527,55437.68842,58536.60819
ECU,Ecuador,55064.8499,55207.21798,56849.02891,58024.28775,59087.28856,59865.87453,60650.37026,61262.71866,59864.31969,59401.47484,57736.28461,50868.42258,51660.55115,52724.47525,54153.66124,52334.93916,53016.20742,52739.08798,52698.09458,53981.57733,55006.63674,46317.26741,46389.15216,46969.95549,46008.32428,45271.93302,51187.15157,51061.35291,51045.48012
EGY,Egypt,42245.88466,44445.60775,45774.7905,46724.80395,47131.97869,49785.05012,51333.6328,52586.83775,52810.0764,55478.99661,58219.47445,60011.45618,62932.67418,65025.0368,71062.6435,76380.75331,78676.41272,80320.146,82475.53112,81931.39332,85262.45423,90562.37193,92705.49427,85764.02411,86762.86077,87413.84846,90584.56598,92241.79513,96048.99954
ERI,Eritrea,3918.941339,3960.700993,4037.72571,3872.514137,3947.24446,4002.617506,4381.344398,4824.368986,5054.286886,5142.131379,5254.406276,5040.665597,4994.573866,5134.218066,5194.038521,5270.3512,5157.288256,5392.95997,5395.504929,5431.976818,5354.391246,5733.466977,5776.633257,5832.460401,5869.725638,5912.147081,5824.140824,5840.539601,5885.381845
ESH,Western Sahara,263.0277965,269.9305151,272.5163014,275.8608041,279.2926506,284.8866036,290.8772723,296.7672151,301.7840786,309.3613771,322.0809439,608.4215354,379.3124143,389.615204,398.0726305,407.08672,410.9733029,414.3804929,416.7656875,419.4161844,420.3582596,396.0015288,399.6989114,403.8338301,405.4524316,408.6585953,405.5271073,405.5813963,409.4458335
ESP,Spain,81698.23215,83211.40262,83077.692,80217.56108,82452.90357,85477.8987,86865.33597,91936.17639,93322.93277,97836.14387,104048.5645,106217.8498,108559.9133,114332.2088,115315.3386,115657.5314,113759.9223,119216.8912,112602.0556,107290.2544,105618.1091,105345.2516,104118.401,101971.2247,101549.06,98428.54943,98974.36427,99450.82358,98143.16016
EST,Estonia,8418.474844,8269.339784,9094.524508,8175.442277,7259.136749,6821.21829,6819.539255,6533.528292,6612.248933,6368.419122,6453.954515,6817.978315,6529.753732,6626.792095,6966.668845,7024.275746,6971.326561,7436.512601,7351.918466,6835.257069,6928.913888,7065.613934,7320.905114,7680.15562,7598.317296,7518.250766,7061.794175,7220.699307,7283.391305
ETH,Ethiopia,56588.23913,56998.95785,58490.6148,80159.02003,80955.29235,81559.83298,84001.69301,86272.81353,90684.99864,90728.46968,88180.4708,102998.2821,110487.9331,109138.1005,110855.8594,114293.2856,119489.4775,128107.9952,132575.4104,136561.6299,142036.3567,141886.0989,145451.8039,148574.6617,152780.7813,155550.3981,159152.8555,162955.1521,164419.75
FIN,Finland,32863.59216,32057.82549,31011.87587,31217.18561,31998.36721,30740.98577,29929.38752,29648.09501,29849.34413,32239.45955,32217.97449,54318.57117,54240.52333,55172.15962,56657.43904,54518.80349,56868.03638,54361.55937,53549.56171,52989.79013,54284.1143,37881.45402,38554.80926,38472.76182,37703.61007,36827.13997,28043.02557,27839.09494,28341.03089
FJI,Fiji,1362.25984,1365.814108,1395.507175,1471.146831,1526.952297,1569.609406,1572.168544,1577.924654,1553.06031,1542.130718,1537.390455,1565.495254,1517.967284,1532.653653,1595.267089,1572.381874,1591.008773,1578.633069,1552.691786,1561.074276,1529.763663,1738.61785,1595.192336,1649.426507,1703.111113,1151.440811,1145.514542,1209.650357,1238.653797
FLK,Falkland Islands (Malvinas),949.0295967,947.3830389,941.4480596,941.4797438,1320.691152,1320.447106,1310.00082,1315.291717,1312.801979,1310.44294,1313.738964,1305.936697,1305.236471,1307.022303,1307.444103,1305.542908,1305.235969,1307.387735,1307.440704,1307.403556,1307.2818,1307.884021,1308.495563,1308.705941,1308.722202,1308.128734,1308.271608,1308.001535,1307.880222
FRA,France,163424.9436,164958.6153,162103.5291,160445.429,160903.9794,162644.7653,165017.0548,164941.5525,167707.2516,170184.9664,170850.5763,172108.4148,171302.4991,169671.0073,170646.4049,166316.0764,164300.6562,166164.745,164251.0352,165894.8213,170223.1827,167548.2671,166117.9247,161755.0662,158382.2133,160221.7653,158172.607,156588.5012,153213.7575
FRO,Faroe Islands,89.56388965,89.53520467,89.50559866,89.82320435,90.02035285,90.01535535,89.92621245,90.09416761,90.01757725,90.19886322,90.41451785,90.39363493,90.52259249,90.5801342,90.59197796,90.33012194,90.21436739,90.26343725,90.10868478,90.21383178,90.14695263,90.41892203,90.66576142,90.75453405,91.34652919,91.53611121,90.67880913,90.77933867,90.81503985
FSM,"Micronesia, Federated States of",36.13646874,388.1554988,388.2722038,388.3178419,388.3933015,391.1629002,391.1878236,391.1557905,391.1168752,391.0772485,391.0847421,390.9056256,390.9465713,390.9636277,390.9462812,390.9367716,390.9194913,391.3848352,391.3188291,393.2106053,393.172658,43.67977455,43.65813188,44.91720726,44.93566846,45.52743994,46.73241342,47.58975493,48.33465099
GAB,Gabon,6003.734716,5866.768738,5911.075873,5910.215851,5873.905536,6097.554363,6298.340732,6275.481093,6423.443671,6419.420934,6272.196128,5900.371448,6161.481594,6310.268359,6307.298876,5937.701697,5651.408494,5456.087208,5589.581371,5488.145981,5682.641226,8942.04414,8931.572095,8944.399134,9001.10955,9142.820514,9222.936279,9185.284642,9233.645038
GBR,United Kingdom,161118.7809,159575.5624,158537.5444,157074.965,158959.7508,157917.386,159832.7358,155829.5797,152226.9878,148571.0505,144874.6294,143887.8133,141248.0304,141247.7848,139563.8299,137223.1836,133246.7577,130253.3508,126573.1333,120034.3072,119748.2698,115930.1177,117118.2732,116215.2238,113883.7453,112056.0954,110353.1882,109841.2365,107840.2624
GEO,Georgia,8036.536346,8138.899817,7143.78434,6305.109498,5917.358438,5582.180324,5765.167222,5785.382018,5576.591253,5717.588178,5852.492399,5536.761514,5824.729032,6042.254644,6039.216434,6369.759544,6182.62681,6310.982553,6118.397621,6068.028173,5642.738467,6094.139639,6680.642994,6611.796295,6796.244734,6403.551205,6419.586984,6389.343978,6275.513977
GHA,Ghana,29296.56459,29681.51473,29677.20597,29796.57335,29973.34561,30190.82205,30518.07501,31199.20348,32319.49363,32036.69829,32508.37073,33580.11072,33472.3675,33705.89441,33963.20422,34292.23682,34649.4229,34866.08116,35205.73994,35726.91119,35991.29926,15641.74915,16090.45992,16602.73509,16850.37097,17440.08699,13708.9576,14427.25162,14965.3393
GIB,Gibraltar,19.14522802,25.27087638,29.30651097,29.78600153,34.5040772,33.72974618,34.48265203,35.53416735,37.16291823,38.4248509,40.09449004,40.72478786,41.17539459,41.71443103,45.05059588,46.20375042,48.08707636,47.41435124,47.9926662,52.17156916,52.46081464,50.91588907,52.52844422,55.16151955,59.44790514,64.32592545,69.56343764,75.31093234,82.70787948
GIN,Guinea,16441.22003,16672.59284,16878.5916,17148.48127,17472.66858,17822.44289,18066.95972,18379.66847,19108.02691,19226.86271,19361.6313,19530.74218,19953.37353,20450.32716,20876.50017,21426.55623,21918.81571,22352.65285,22773.10179,23376.43665,25744.72041,26458.06004,27200.60513,27915.8539,28621.38412,29528.82281,31307.65252,32284.07966,33208.66999
GLP,Guadeloupe,411.6464514,430.5471217,427.6530737,418.6798401,430.1578302,431.6870504,478.3225824,489.7743838,515.7591897,536.8636448,545.2693441,540.5667277,578.8594263,568.750582,562.889816,553.1325809,543.8994601,552.6253221,548.7869908,550.166593,554.6953423,521.1078454,476.0923609,490.9770124,501.4220101,504.474763,572.324114,529.3953029,523.9289535
GMB,Gambia,1345.74658,1376.553883,1370.756571,1367.138885,1395.433279,1409.644942,1389.152177,1420.768819,1393.134279,1531.472619,1479.048443,1357.049197,1365.666798,1487.176099,1532.962463,1560.908292,1585.785689,1607.01169,1697.858361,1873.971595,1929.413087,1715.646386,1754.072847,1836.236768,1911.032508,1940.096567,1911.30187,1934.782993,1967.970079
GNB,Guinea-Bissau,2969.694827,2981.582928,3020.188007,3039.419002,3070.619786,3109.618976,2829.99168,2882.580254,3156.01445,3442.899751,3196.934158,3062.511086,3158.592162,3212.062489,3313.775498,3353.131786,3525.688482,3582.789519,3533.296575,3569.893843,3720.01619,3661.481801,3998.636529,3914.897967,3845.656034,4078.831794,3969.013875,3952.483256,3911.25928
GNQ,Equatorial Guinea,9653.698226,9660.145387,9706.469585,9796.277817,9928.337783,10056.01603,10095.04174,10276.89039,10405.96918,10456.02274,10490.77286,4905.770631,4733.893086,4796.320056,4967.817675,4976.831061,4954.269211,4985.397764,5038.072634,4945.020469,4988.324961,5035.796019,5046.359352,5101.53387,5059.692008,5043.125185,5089.590969,5065.6683,5097.517403
GRC,Greece,26798.84282,26924.26828,26799.26557,26470.1895,26844.58186,26883.48246,27295.07853,27693.80382,27930.74873,27510.96517,28612.11032,28192.42763,28467.20325,29340.3252,28971.68759,29326.81547,29487.87091,30691.39504,29442.33102,27857.02017,27676.71334,26079.23574,24391.50273,24204.79112,24072.95313,23480.4467,23172.76124,23118.76537,22765.93394
GRD,Grenada,49.44172613,50.14436068,51.39713009,51.72697737,54.03354889,53.87357492,54.9448431,58.74668347,60.48457702,66.88112024,65.74580848,66.68076877,65.30418525,68.32513893,67.64678368,68.83204471,67.57240943,69.34144656,71.36781699,72.47908885,71.78743595,78.43096425,81.14584411,86.16540593,80.86541773,81.26911244,83.79858492,80.19031811,79.74306685
GRL,Greenland,44.02246021,44.16615605,44.39449785,44.50199991,44.5305638,44.6243383,44.72813153,44.80798674,44.93116599,45.01438214,44.47208351,44.55629029,44.33740413,44.60773394,157.2549072,172.7703536,145.5143355,201.4415078,198.8145863,184.2620928,176.5033943,179.7486472,195.9736105,219.1139731,208.5544318,211.6375211,216.3330291,222.5525634,222.9136718
GTM,Guatemala,25853.64332,26221.15759,26720.74177,27165.71278,27214.89501,27474.35151,28044.43025,28110.71912,30235.46875,28965.03796,30043.37061,28012.0943,28460.19148,29235.57686,28554.91864,29483.20902,29423.82879,29871.10223,30245.91966,31213.48881,31489.79656,24759.946,25258.40913,26192.60623,26690.94235,27210.602,23158.82929,23534.78384,24113.70144
GUF,French Guiana,3700.993463,3715.32819,3709.068081,3707.800942,3709.741962,3719.907953,3730.576425,3736.802037,3754.622117,3790.718441,3732.318475,3535.276368,3523.971498,3537.591682,3575.905529,3579.347381,3566.394896,3558.071193,3560.363998,3584.253471,3574.938711,2805.965976,2796.382765,2798.952679,2802.592469,2815.643533,2933.051168,2930.458176,2929.360932
GUM,Guam,39.96643863,40.90883397,41.99011161,43.10731633,44.07418748,44.98285756,45.82369122,46.67399222,47.3654626,48.10046127,48.75242373,49.15860483,49.53981896,49.78225999,50.14727729,50.39474715,50.41375768,50.6452515,50.76198469,50.8825858,51.01297785,51.27191299,51.79601183,52.01687904,52.33467199,52.58033396,52.91948751,53.37475388,53.84716279
GUY,Guyana,9753.507187,10040.59215,10131.79671,10299.64856,10275.53413,10947.27151,11282.85046,11439.60281,11575.57892,11700.55992,11399.26152,12165.88324,12035.11482,12282.2167,12601.07176,12477.66007,12399.9543,12470.55655,12551.24219,12622.24572,12710.61577,20476.33803,20540.01541,20697.7539,20842.29409,20907.45805,17985.65576,18069.00022,18027.50498
HKG,Hong Kong,5148.123429,5499.27889,5751.639928,6079.476893,5892.418397,6009.309764,6007.45485,5972.49712,6687.787575,7049.591236,6775.77514,6735.48271,6658.273091,6878.190954,6604.725707,6742.051286,6743.638092,6864.404537,6827.535678,7104.598765,6975.911793,7157.73932,7155.967594,7264.897481,7424.197816,7275.234712,7374.310495,7398.741721,7344.33359
HND,Honduras,12488.98456,12573.3568,12634.82401,12265.00196,12766.7033,12645.49458,12677.46734,13085.21129,13116.11585,12362.79536,12666.6289,12240.70098,13185.57547,14849.90878,14192.37328,14687.01565,14193.49324,15020.74317,15299.36638,15895.51962,16061.45354,16517.82076,16399.86856,16770.79518,17007.1073,17036.23284,16961.96103,16958.1841,17292.96265
HRV,Croatia,11353.79132,9234.694926,8475.065631,8132.810028,8057.101092,7909.043071,7763.747717,8426.458425,7967.710854,8397.873813,8433.467329,8207.753201,8326.148623,8419.811424,9123.864241,9131.295089,9330.780881,9485.010054,9513.89757,8795.758328,8810.969448,8703.454222,8385.572361,8401.535495,8481.029901,8627.613636,9227.257371,9318.640504,8982.903623
HTI,Haiti,4370.978802,4564.01227,5005.159778,4843.871655,4807.184902,4886.172092,5003.966716,5275.997384,5385.683797,5460.631262,5848.003263,5900.154241,5967.402565,6017.594831,6072.643044,6153.764769,6179.080886,6253.138546,6276.180496,6343.036477,6352.254431,6985.449932,7046.161722,7093.066418,7139.718158,7251.200716,7207.105718,7251.694651,7294.170772
HUN,Hungary,34476.80706,31625.92651,27100.08155,26523.33399,26326.56301,25477.38953,26895.60368,26317.87527,25955.81098,26177.36973,25844.70915,26362.0382,25555.04081,25319.57993,26297.52381,25616.17965,25286.84074,24139.65035,23539.79912,22122.26196,22262.25982,22166.34411,21498.29094,22236.36222,22853.1098,22839.49758,23508.0707,24005.24396,24165.63762
IDN,Indonesia,1483688.598,1483694.801,1494772.008,1492757.105,1493601.597,1503756.788,1307979.604,2276980.062,1481907.545,1350857.404,1278490.191,638638.929,1137168.63,775211.4307,1138643.542,864620.4739,1272833.417,700519.9928,701492.6846,1102839.613,720213.836,1233008.563,1265112.648,1228765.757,1578234.674,1637554.784,964419.4768,947275.9697,1142489.369
IND,India,815963.4456,832560.2953,844241.9478,858138.4187,874431.1374,892510.6322,904069.4236,914637.6022,930630.473,939496.5814,934182.1232,964328.2272,953992.1292,970982.4158,993078.1065,1016468.505,1045978.746,1077872.715,1093137.549,1108086.488,1132528.42,1135417.899,1156462.704,1170344.391,1190952.16,1194006.647,1201220.905,1222323.618,1248781.526
IRL,Ireland,30967.20352,31186.07904,31061.8831,31673.68277,32040.26134,32504.90099,32381.52892,33122.2561,33858.29389,34229.08045,35403.35307,35808.47874,35344.06941,34679.9879,34530.35868,34458.41,34296.07755,33194.62455,32716.74396,32070.79415,31273.99234,30582.00003,31538.02838,32117.04289,32265.26897,32906.25658,34136.34972,34512.32545,34493.71265
IRN,"Iran, Islamic Republic of",91161.00214,97860.51189,108647.8769,103839.8299,110213.2975,109539.6616,113893.4474,114715.0389,116103.5103,114004.5663,118616.5247,117883.5662,119553.8249,128829.6958,133262.5209,139442.2419,147137.1021,147916.9176,149040.6194,151854.9328,154914.348,153144.5413,152833.4568,155561.3744,149091.2559,150786.9018,161800.4363,166254.5796,171419.0623
IRQ,Iraq,28357.35863,15682.84466,18832.63299,22995.09941,23405.54662,22981.88493,22805.16454,26474.2168,26527.6107,28965.76303,30563.80368,31645.25731,32828.41492,26658.97298,29679.33305,31831.99099,31770.87806,31278.86198,32797.17983,34879.8051,37404.79312,40467.1821,43557.7614,43826.95872,44158.44215,42523.96245,48416.17426,49097.77942,52089.75197
ISL,Iceland,1881.171925,1850.236483,1947.749435,1997.369403,2011.225031,1963.321272,2117.115265,2134.548171,2083.05485,2095.775324,2014.970695,1989.005759,2114.430004,2102.136191,2055.399662,2049.473487,1896.704831,1908.252602,1958.689284,2045.033414,2037.971494,1959.9582,1932.547372,2027.979802,1984.209458,2064.029944,1949.476036,1933.418119,1883.869913
ISR,Israel,7812.980356,7934.685908,8409.929298,8817.950235,9550.231377,10088.19343,10601.68485,10898.62854,11030.50706,11380.6431,11872.17455,12078.54989,12652.18272,13016.61822,13307.02055,12957.42764,13564.21373,13921.11839,13846.38371,13787.57749,14870.48713,15578.18825,16406.21679,16321.81491,16103.22387,17970.01331,18825.03604,18959.40771,19533.88605
ITA,Italy,112235.9771,110881.7064,110313.2645,107035.7873,106340.7656,107579.9528,109275.2958,109060.0163,111215.043,114246.5746,115692.556,111731.5484,114804.7707,117142.2174,117036.3112,116842.0324,114589.2618,114406.9071,114377.8741,106889.9732,106360.545,103726.3868,101676.6959,98395.30894,95398.12971,96932.64247,96391.67257,95082.16766,93946.45633
JAM,Jamaica,2252.891249,2286.374766,3156.029705,2406.229581,2315.903973,2452.403235,2437.863303,2424.133569,2481.795381,2557.582717,2566.179172,2544.776871,2677.117358,2739.07381,2677.25599,2609.149417,2464.607119,2530.631231,2270.407282,2257.314484,2200.251298,2185.933509,2254.184114,2137.658869,2095.710031,2112.332339,2111.295505,2086.81375,2175.064419
JOR,Jordan,2666.99705,3516.275649,3523.155309,3476.686167,3512.564584,3699.07336,3816.335143,3919.952981,3936.932941,4049.126967,4166.494632,4321.632462,4611.807815,4795.159024,5200.126615,5625.478087,5755.22958,6122.244,6429.769348,6566.963873,6665.888404,6960.397735,7917.486052,8399.923582,9078.111871,9218.381937,9698.622919,10006.42764,10141.24721
JPN,Japan,209522.5654,210480.5421,210952.8919,209216.218,212332.8632,210359.0023,208237.061,204106.0516,196529.7668,199031.804,198754.8643,194780.1526,194672.4009,193681.4953,192272.2415,188074.6777,186586.6003,190439.5699,183864.1079,182671.5058,185542.9563,189090.7205,190936.6269,190469.0424,185312.029,181700.7433,179519.5623,177731.1556,172856.0868
KAZ,Kazakhstan,71611.81799,72264.72084,68779.93351,67836.24148,65208.73289,53772.86048,46898.93485,38893.11095,35322.41325,34918.96511,35051.62682,36568.18157,39847.13644,42797.07723,43456.86002,43614.88746,46186.74464,47507.72967,50893.02676,48346.21644,49999.1671,48730.76016,47463.68043,47627.96541,49243.9353,51609.61622,52587.48907,56325.64134,57167.73172
KEN,Kenya,29815.12955,29022.23679,29296.14371,29600.35591,30060.79419,30298.11298,28657.48369,28774.6641,29093.01233,31604.28628,29459.77356,45984.09624,48581.50905,50421.2804,53893.3409,55107.99771,52971.55796,72671.66395,76727.06644,73762.64847,76385.72576,69868.71889,69094.78929,68269.76871,68779.67247,69759.65424,66435.73728,62615.83173,64910.97442
KGZ,Kyrgyzstan,10126.90514,9647.440732,8756.361986,7969.458689,7145.379393,6142.443172,5777.503701,5560.577928,5648.764964,5726.075763,5784.080692,5697.237532,5741.086493,5808.725161,5809.636934,5893.508161,5878.990583,6332.521802,6565.558004,7176.599821,7189.910895,7580.338199,7860.844779,8322.685015,8625.699505,8866.496676,8759.968504,8444.605204,8738.608898
KHM,Cambodia,25998.0086,25267.65589,25592.76652,26552.66252,24588.56314,27472.0098,25094.45091,26484.11505,27598.51501,27339.3455,26247.73518,26983.09752,28177.77967,30349.29691,30068.77906,30598.83831,33149.74155,33484.82127,33519.46819,34450.25957,34167.36096,110921.6435,109591.7037,109242.2546,109129.804,109111.3038,61382.87146,62091.80712,61348.93386
KIR,Kiribati,17.16886805,17.31820559,17.57448965,17.69726418,17.76400672,17.92949774,18.25346681,18.6584039,18.95792078,19.17832219,20.50212393,20.64355428,22.17912061,22.54861459,22.99087629,24.33228692,25.06326926,24.94355975,26.54805233,26.81361189,27.64627629,31.12851249,30.79859724,31.1175523,30.76039543,32.07840784,32.94263689,33.56976124,34.24940028
KNA,Saint Kitts and Nevis,42.3569607,43.88776,45.59885357,44.97098576,46.24146302,45.28914241,47.11825898,49.8551178,51.4479668,54.12778064,63.1178502,64.18070698,64.1137238,65.69184358,69.22727803,65.64349755,60.82443684,63.92298048,66.26610148,67.4936483,66.44405499,71.54952445,66.49917483,66.63527102,66.16349665,66.77736144,68.58839201,60.83963378,60.73189378
KOR,"Korea, Republic of",63514.1416,66748.10448,69262.45715,73744.85665,78570.20966,82852.02025,87335.0212,90080.06913,80469.44579,82969.86582,87410.8649,90964.43927,91022.39906,90762.98291,91915.53753,90817.65973,91488.43694,93246.60701,90010.86777,90730.51686,95598.8395,96569.27752,96743.34604,97183.09992,94616.53059,95285.83446,93739.47898,95191.97481,96123.32142
KWT,Kuwait,6002.043522,3830.374071,6200.969735,8097.855674,8831.87901,8962.872409,9304.009133,10036.9613,9607.156212,10148.35697,11428.56067,11982.5068,12788.32672,14211.81582,15148.31138,16743.59689,17412.67295,17537.74242,18120.2954,18610.06613,18483.68733,19456.42721,20109.70846,21451.86645,21946.12164,23270.13851,24607.2849,24963.45537,25789.45267
LAO,Lao People's Democratic Republic,19403.68539,19087.47052,19382.6808,19377.67793,19869.15539,19811.79254,20219.99093,20213.9954,20914.48775,20555.65932,20311.52375,21838.96567,22473.16861,22742.99289,24925.47308,23494.4026,23094.0247,24930.19247,23628.20952,24113.37001,25797.73459,24864.84729,25882.28677,26347.25081,26565.15693,27205.5109,28545.47817,27903.2483,27501.27213
LBN,Lebanon,1991.73755,2277.821374,2436.410159,3039.092637,3101.970325,3541.841578,3618.473056,3810.526436,3721.506267,3814.362236,3858.582223,4098.059582,4238.405715,4386.756977,4627.635502,4651.261066,4683.624543,4523.542252,4937.65005,5527.001086,5332.244512,5568.976982,6160.667605,6169.088984,6526.388687,6980.033428,7321.621336,7642.436771,7696.934663
LBR,Liberia,14717.63543,14647.80999,14629.07272,14580.95831,14573.0377,14583.00754,14543.36589,14594.55249,14670.93923,14705.85136,14759.31353,14753.13372,14770.05561,14839.14149,14811.86818,14841.21867,15047.82029,14968.4134,15068.07502,15703.67323,15201.32831,15287.00581,15284.44256,15326.70822,15632.99556,16201.05126,15529.70111,15518.32186,15525.03667
LBY,Libyan Arab Jamahiriya,10576.06508,10286.15388,9751.829482,9680.790884,11318.31459,12316.33628,13183.07353,12033.23626,11929.66891,12017.76167,12413.912,12267.48109,12135.43695,13231.02241,13595.15234,15250.0847,14964.59027,14430.84149,14282.6233,14438.68721,15405.87897,10708.58385,13950.18193,12950.42708,12016.86855,11517.18337,11780.36994,13219.90926,13508.51291
LCA,Saint Lucia,100.7093034,102.4554735,104.2281003,103.1125945,106.6039609,114.4246064,119.0812357,125.0484519,134.1928925,152.3726116,167.985805,170.5893561,161.9356588,166.522639,167.1114181,166.5407026,162.8661662,165.0655683,166.0278552,167.3036316,167.5569032,166.081605,175.1528746,182.7278823,189.5863685,188.995549,192.4866109,195.4910596,196.1865676
LKA,Sri Lanka,21138.88958,20127.62974,20208.12369,20692.03174,21341.13929,21077.91241,19184.23544,19120.56025,18479.26822,19437.01126,19004.61808,16369.65899,16810.43129,17611.41989,16326.26687,17985.6892,17963.40414,17400.2164,19409.73563,18696.18013,19968.66395,19993.67265,20103.47902,20868.98485,18773.09934,20233.65926,20624.28521,18213.29981,20462.53833
LSO,Lesotho,1679.249949,1683.748861,1871.188063,1835.150603,1779.039726,1718.35047,1630.296478,1579.679014,1459.116668,2008.485945,1932.042088,1951.432942,1795.114345,1814.206828,1787.893826,1945.970386,1891.617482,1919.424611,1862.903841,1871.334947,1864.85445,1883.414326,1916.537139,1813.065611,1797.647919,1771.356055,1741.636332,1897.632189,1841.626785
LTU,Lithuania,17521.83874,16733.8917,19197.455,16379.12611,15458.90217,14873.66222,14812.93472,14690.96807,14703.67937,13907.42031,13787.32722,13590.69905,13809.68961,13944.87331,14160.16,14288.48441,14523.76948,16176.30011,16484.26607,14944.69684,15210.13962,18141.47824,18421.03243,17771.0266,17987.95339,18497.03004,17162.16673,17173.03406,16616.58418
LUX,Luxembourg,1564.743496,1597.831533,1659.771084,1651.377926,1660.650102,1520.630347,1508.228219,1464.358993,1419.515549,1505.711903,1818.29372,1874.072854,1832.679493,1818.578087,1977.111414,2006.526348,1989.795251,1907.955913,1941.290844,1876.721228,1947.584019,1927.412332,1890.751541,1843.04996,1855.569506,1771.922012,1780.527227,1775.830616,1786.998663
LVA,Latvia,10109.7609,9374.365716,11007.00616,9738.803153,7800.987638,7096.747951,7040.637602,6845.076521,6683.335048,6497.587492,6297.768226,6366.786542,6500.415276,6619.894517,6751.430947,6888.982956,7133.516807,7257.973848,7104.623668,6885.292444,7074.220224,7768.122771,7856.188633,7855.613087,7914.257897,8118.079146,8166.595386,7987.969385,7960.628073
MAC,Macao,138.5456618,137.519346,147.0471569,156.5663495,158.1013867,159.8179537,173.8285175,192.8475958,202.4787627,208.0193004,157.2999065,164.4065366,172.6123024,179.5549308,200.7417671,205.6154746,203.5767151,187.5389951,178.8161416,199.3673104,179.774787,272.7283962,259.4085957,256.6529181,241.2914544,289.7665741,280.518282,293.0709443,300.2774056
MAR,Morocco,21584.14247,21464.88328,21413.05336,20663.98802,21456.2123,21850.08107,22509.27048,23611.55456,24097.91038,24928.75152,25712.90478,26838.59755,27251.68417,28038.71729,30375.99976,30952.06882,31834.74024,32092.17851,32500.89434,33268.94438,34528.53979,37115.45283,37857.46673,40195.00931,41040.39385,41835.85747,41411.91447,43191.1349,43780.53623
MDA,"Moldova, Republic of",7787.377454,7333.687762,6951.386654,6875.469179,6623.639225,6157.490465,5840.874264,5248.534545,4561.170606,4081.02547,3723.210702,4215.411546,4326.937502,4369.206617,4435.548511,4134.207964,4099.507885,3969.299665,3814.020531,3678.371372,3947.435972,3539.217373,3317.330785,3577.997436,3552.5044,3596.339088,3782.214291,3882.711186,4006.003347
MDG,Madagascar,54403.69321,54330.73481,54547.20689,54850.64215,54504.40859,54701.51695,54798.88964,54863.40226,55031.13878,55190.18063,54885.65725,49689.60519,48545.27533,48983.88802,49417.22424,51887.74435,52123.03053,52314.48568,52601.36753,53030.66079,53443.0255,38667.34097,39016.59624,37914.83606,38454.25383,38850.75828,36309.65591,35730.34538,36762.00568
MDV,Maldives,42.93418614,44.09848971,45.87079687,48.03308592,56.26155931,63.2675501,65.45825743,66.86122609,70.43607771,71.03055638,79.92688544,78.08946044,86.38323293,85.09218705,97.66649816,95.81783101,107.577428,107.6245236,118.3926489,127.646901,136.8574832,205.8380918,229.9896587,239.3572852,271.1097152,233.8666629,240.5896197,249.8403269,256.687448
MEX,Mexico,194855.8235,195160.4721,195504.5958,196861.7668,199152.6869,196666.0758,200890.9808,204860.8256,214846.4366,209485.8735,211361.0149,203155.135,204011.8214,208904.1791,209992.8701,215093.5198,219395.0113,223483.5439,225383.4618,228209.5427,229262.214,232558.4438,233505.2759,238331.6004,240974.9662,243527.9607,248984.4929,250047.2239,251015.2908
MHL,Marshall Islands,1.927756151,1.976721504,2.014546416,2.04289169,2.065420342,2.084411942,2.101207903,2.11412808,2.124679091,2.132057289,2.136993507,2.139622307,2.140229349,2.140125163,2.140001411,2.140798952,2.143316136,2.147303415,2.152189552,2.157921346,2.163767948,2.170101782,2.176572827,2.183385498,2.189142504,2.19448789,2.198816812,2.202664108,2.205601349
MKD,"Macedonia, the former Yugoslav Republic of",3353.538,3153.001321,2866.705743,2865.09154,3206.812008,3076.761845,3142.92848,2862.866789,2805.994161,2606.517037,2802.128398,2605.586766,2529.931036,2470.537534,2967.489989,2972.04596,2692.169141,2753.183528,2795.626079,2646.72777,2743.982159,2832.225862,2820.375839,2757.730882,2782.611114,2797.673017,2863.389058,2977.070268,2942.607733
MLI,Mali,12995.76779,13118.33455,13100.00114,13323.86498,13665.02487,14077.90806,15105.4228,15440.14458,16881.5934,17047.54743,17622.67401,21495.98649,22483.11382,23431.40863,23963.85857,25069.03861,25114.2031,26292.06373,27429.53438,28430.82773,30151.43031,26755.31522,27686.71453,28630.01841,29457.07667,30698.78992,32208.04239,33778.64138,35647.65156
MLT,Malta,298.9382875,281.7581139,285.8316482,329.3530282,369.4656433,352.0328919,351.9419055,381.6745569,375.5616852,384.3606462,363.5553905,412.1317892,389.6065523,427.2441107,426.5913396,467.3075756,511.6481109,522.1238011,534.3168389,520.9249373,572.5112072,580.7984294,576.1862791,554.7141781,576.65265,506.8636783,482.2319288,495.4546935,493.0643847
MMR,Myanmar,215250.4037,213870.8908,217327.7371,220419.9458,222489.4975,224641.4054,221752.1044,218957.4368,223159.1028,228418.7554,225033.4717,206757.9229,207934.569,216985.861,227928.5739,224804.3933,231470.8143,237563.3223,231183.5355,238158.0684,242428.3275,214363.4907,216270.7306,218655.6653,223125.5591,227930.5949,221457.0448,222873.8726,225567.1417
MNG,Mongolia,20757.2928,21333.26282,20864.39944,20840.5116,20413.76734,21301.19143,22144.44635,22629.42711,23379.50327,24082.02915,24452.16419,22020.60635,19260.30178,18850.11538,18646.49728,20376.21016,21684.74177,23588.43643,24378.8053,25276.27924,22740.6063,23503.02453,24822.82917,26484.72897,29164.37906,30603.28354,33059.01868,35316.65781,35705.98333
MNP,Northern Mariana Islands,1.797684819,148.8889764,149.0569132,149.2312232,149.4157507,149.6120003,149.8247256,150.0485819,150.2685412,150.460573,150.6075949,150.0392136,150.1254183,150.1677273,150.1803345,150.1769786,150.0507656,149.9170922,149.7890635,149.6811459,149.6046422,151.5067644,151.5037348,151.5247473,151.552879,151.575837,913.0223584,913.0312223,913.0357059
MOZ,Mozambique,57327.92468,57437.31083,57651.64855,57910.27067,58086.03313,58259.49806,55083.65111,55176.52192,55899.93658,55625.98391,55486.94267,58756.41499,60146.29742,60591.7644,60464.66852,62992.65708,62840.97405,63364.40765,64439.83512,63102.37374,64408.68006,60109.03105,62467.45557,62535.31179,62339.66224,62099.58723,71131.43518,71943.09484,71915.14983
MRT,Mauritania,6306.01926,6498.446621,6404.423656,6540.858523,6417.661075,6438.821041,6803.689662,7241.040163,7542.138606,8086.193618,8271.299119,8590.228447,8880.663738,9076.231512,8917.703346,9088.508719,9404.269403,9054.694753,8635.858808,9162.007351,9372.88607,9652.429947,9928.094434,10182.77845,10525.90304,10840.59185,11397.71585,11234.13888,11335.68549
MSR,Montserrat,46.21179446,46.30222316,46.58431751,46.5118973,46.77394081,46.73169766,46.51725636,46.34686966,46.18065621,46.13025969,45.88926894,23.33110175,23.36463948,23.43088349,23.50041693,23.64278145,23.71410177,24.00244763,23.9706706,23.86925049,24.2819337,24.13248271,24.3716376,24.30176867,24.53369074,24.4740647,24.45274549,24.54359298,24.58525807
MTQ,Martinique,280.7622193,272.7251365,284.879872,291.6419805,292.3266671,293.962015,294.4582766,289.0501534,328.0999191,387.9533879,398.9159482,404.3621003,374.5499895,380.3006763,390.1445918,371.58455,354.7556396,353.2661315,355.3540659,369.6099378,360.7660929,367.5024637,369.55993,365.4018831,374.5303652,337.9528059,340.3143303,360.5712942,350.1469205
MUS,Mauritius,735.339187,731.585514,749.7130577,740.5616726,752.6854959,783.2012494,807.4660715,814.6724646,834.7428895,869.6624933,933.0066292,1045.928465,995.1081075,950.4642846,976.6803755,946.4178582,1368.98819,1414.971167,1462.534008,1515.941206,1580.311759,1538.07915,1569.496925,1625.755311,1706.380386,1735.057484,1772.851065,1887.438725,1915.114381
MWI,Malawi,12103.20377,12123.74277,12077.57566,12154.99855,11987.41303,12086.5738,12132.4943,12016.52596,12363.46254,12424.06303,12510.17824,12653.05193,12812.13728,13155.37774,13055.95863,13429.0315,13428.37942,13824.28999,14289.33486,14419.79959,15110.41581,15256.68932,15745.59157,16010.65973,16393.01865,16828.76061,17409.76197,17521.36451,18494.40903
MYS,Malaysia,106334.0302,107074.8579,108504.9209,107984.2786,110338.9451,110102.3094,106834.4299,110429.4729,139798.3501,108481.8791,110126.2932,96559.10741,104927.3693,106262.6654,117798.7561,122050.1592,111176.5209,120509.1998,118673.9683,137601.66,133308.6591,98279.64911,96707.22793,100891.7659,120505.8837,104955.5866,135647.0619,128873.8363,135286.4042
MYT,Mayotte,78.8083646,79.51225942,80.25799882,81.02574065,81.79521366,82.5529481,83.31031469,84.05060084,84.7657559,85.45106396,86.06183102,46.86969184,47.60116182,48.32327202,49.0569413,49.8089089,50.58569694,51.38013441,52.18394704,52.99352362,53.80160418,39.6695263,40.47641862,41.28270046,42.09688787,42.92649678,43.40768978,44.22762496,45.08904636
NAM,Namibia,15887.33982,16063.58887,15935.24424,15664.56331,15640.09956,15612.88479,16132.4427,16280.74,16519.46573,16775.52339,17314.69615,17471.83229,17200.27961,17320.65708,17264.90941,18872.30853,17455.41509,17410.02263,17977.73292,17916.84727,17896.28645,17889.21759,19033.99153,18480.52,19104.72149,19068.79985,19960.20333,19681.58586,19527.903
NCL,New Caledonia,407.8598486,420.4591689,435.2895399,424.6319216,393.8008649,401.0129938,404.2217,424.1282349,385.7644744,411.3886217,396.730533,398.4403604,407.7976951,417.9087053,423.0643528,412.2811727,381.3357875,378.1102748,394.4126269,404.8152756,424.7736556,583.1397439,562.5804353,598.5635892,615.6443926,641.4300302,631.5901308,686.9113938,694.0415748
NER,Niger,16226.62332,16702.25753,17174.95473,17783.92894,18254.02917,18770.30696,19389.2401,19986.5428,20666.22281,21241.54088,21890.20346,18293.4053,19040.70604,19791.63806,20570.9273,21382.42186,22142.52462,23001.81834,23892.65917,24728.40813,24257.51828,25146.24684,26469.86219,27825.63578,28992.66053,30022.21393,31383.63499,32823.0876,34342.71731
NGA,Nigeria,128415.3896,133175.9657,137033.1654,138959.1327,144750.6817,150347.6392,165885.7938,167876.7508,156048.8139,164130.1851,168409.6614,162993.5317,160334.5925,167661.4211,167769.7945,166134.1044,165136.181,161414.5194,164927.1058,163634.9109,168531.8596,174294.6479,177230.2061,181870.1139,184987.3305,186488.2529,191629.0847,195921.2253,200820.7141
NIC,Nicaragua,28038.6043,26835.07628,27456.84447,28127.69286,28186.04488,27532.7109,27443.73542,28023.72873,28531.69707,28891.57829,29274.3991,33445.54718,33616.16541,34196.51758,33874.27474,34313.62806,34551.59798,34610.23185,34688.13165,34881.1252,35227.44741,24049.53169,24601.52264,24872.4201,25364.30047,25994.49043,34606.0424,34556.00383,34669.40486
NIU,Niue,3.501827227,3.512577313,3.523409033,3.52318122,3.566866185,3.56693453,3.571333028,3.57043635,3.569333033,3.567211801,3.56603825,2.690157796,2.688829366,2.687454072,2.685734347,2.72843772,2.72685022,2.782049764,2.769422121,2.763906085,2.773012289,1.391725274,1.399908677,1.408322094,1.419345961,1.43078458,1.437397187,1.446033826,1.453909911
NLD,Netherlands,67062.21882,68902.66013,69464.48017,69759.03328,68867.9394,68311.10374,70424.41672,67350.40327,66660.95501,65966.77395,64845.55441,63748.5959,61970.49245,61435.69747,61988.23889,60623.97684,60065.91751,59771.61321,55971.44996,54660.67016,56546.47511,54697.09637,54547.70628,54209.35864,53281.48795,55433.51313,55084.64691,53835.54248,52132.68875
NOR,Norway,16273.4145,16700.99965,16275.54359,16487.29686,17095.01339,17332.07692,18176.12782,18588.80341,18745.18478,18331.35483,17699.51392,17768.85886,18259.98643,17856.35735,19032.62966,18922.55931,18888.96768,18897.82188,18977.70927,17323.92427,16201.64004,16215.89533,16769.45637,16604.44483,16009.79665,16425.24666,16123.30405,16417.66373,16564.52966
NPL,Nepal,31868.98148,31497.83145,30306.34005,31694.1997,31817.81942,33174.35114,33201.26222,33193.46762,33559.09985,33967.97773,34010.60351,33978.0023,34134.59215,35085.02568,35209.79871,35371.0911,35543.2538,35153.83805,36671.42571,37625.66282,37814.25426,38137.76679,39524.05825,39616.79743,39997.89366,38991.7798,41188.15779,41471.62883,40986.09718
NRU,Nauru,1.550131701,1.588367546,1.629530723,1.667033656,1.68840622,1.710464521,1.727471147,1.743431016,1.751588808,1.762384858,1.777479417,1.786239139,1.797503677,1.811591452,1.828846931,1.842578252,1.854602645,1.992460546,2.101821987,2.130838579,2.178677909,2.238079232,2.303006085,2.43634224,2.582908531,2.632554491,2.684700781,2.704293442,2.689336134
NZL,New Zealand,50074.04799,49519.21349,49410.33703,49756.12771,51419.83446,52430.87008,52051.12017,52975.25635,52395.89448,53242.97711,53298.88173,53461.68879,55400.60235,56402.18166,56620.13701,56681.98173,56829.21988,56794.92628,55595.15046,57292.57964,57948.46965,58265.23068,59226.70187,58672.62521,59839.05222,58866.59471,60111.77788,60104.75495,59666.87548
OMN,Oman,3788.547858,3764.144481,3777.939154,3921.945401,4134.4242,4515.117471,4829.713811,5555.454905,5319.833882,5688.382593,5961.763283,6386.098425,6415.293473,7159.601183,7333.727331,8897.187558,9286.966609,9735.166171,10072.39625,10183.98081,10682.64105,12664.73359,13725.96306,14746.66897,15306.08873,15624.39103,15967.57482,15831.89699,16322.43919
PAK,Pakistan,146634.1688,147467.8738,149635.2878,155600.1011,157811.1796,162734.3546,168461.1738,171684.3739,175479.146,180171.1061,181600.4391,182193.3438,186867.7919,195630.8851,202956.9322,207915.6499,218484.0559,228374.1597,234901.6424,241959.7523,237146.477,246720.5668,246636.3786,258849.8009,269108.6756,272038.9767,288908.3328,299293.8326,305947.86
PAN,Panama,11317.6378,11401.6965,11536.37179,11590.49119,11691.04716,11749.77115,11728.14999,11520.7573,11783.42008,11684.60247,11768.24934,10760.32481,10905.87976,11093.54708,10943.89104,11126.90894,11264.69566,11163.42316,11380.61571,11519.18675,11666.77642,11544.43357,11523.11675,11610.22599,11510.16944,11436.22783,11527.66405,11492.54539,11599.69521
PER,Peru,106181.1708,106221.5155,106597.2286,107325.937,108942.8714,110077.216,110778.9962,110660.028,110428.3417,112012.2322,111789.1487,106448.9844,107169.8907,107631.6454,107990.8462,109094.9296,108881.6872,109479.193,109024.6891,109779.0406,110177.8118,130318.7724,130868.9492,131413.3414,131506.2118,132138.7228,127551.0145,127531.1031,127982.2452
PHL,Philippines,86287.90821,86043.74143,85189.84444,87279.54832,90488.30787,93125.27617,96384.05285,97733.07758,92597.9449,98485.46744,99163.72802,101751.81,102797.5057,104589.7949,106845.9648,107590.936,107619.2345,110447.9507,112237.5019,112593.9393,112365.493,89900.72085,90719.28305,93885.52541,95096.64505,95362.99625,98585.98594,103525.1625,104780.6229
PLW,Palau,203.7601636,202.5219347,185.8110437,190.3915817,284.3391727,232.9857804,215.3870064,258.9778434,222.7704015,235.0397862,162.1896413,179.2094372,109.6171377,134.2495644,117.6380621,134.5246621,134.361374,106.8285864,121.7918708,210.567668,208.6603659,288.6708742,466.4011175,221.0004266,150.7267773,143.3561325,137.4714529,143.5790196,147.3052125
PNG,Papua New Guinea,33550.40599,33589.95051,33642.43679,33679.72024,33704.63719,36149.27635,35755.16473,50116.97008,37046.11848,38146.87709,39559.79899,39078.66897,39661.53257,39421.61019,40044.35697,39525.30238,39385.10613,38969.9785,38571.30058,38169.49784,38141.1697,45283.32048,45490.2333,45459.33116,45622.41242,46627.03535,46798.39671,46755.82954,47193.22372
POL,Poland,124001.2788,120355.6598,116204.9759,118357.7404,118711.2116,120510.1544,125156.2199,125740.0268,118777.0828,115034.7014,111547.4139,109047.3668,108457.1409,108602.272,108256.3886,111425.7508,110177.5484,111839.1626,110663.6714,108335.4745,112024.8465,112022.9735,112070.0861,110358.0964,109903.8311,108672.0358,110077.2294,113915.9756,111932.1417
PRI,Puerto Rico,2795.655431,2826.576411,2507.242787,2534.795122,2561.269169,2440.485557,2434.473638,2471.064742,2471.388326,2477.353732,2541.264746,2574.828768,2569.908495,2570.659509,2484.896393,2455.898107,2455.248207,2459.012715,2456.79992,2436.71868,2455.155619,2454.70602,2529.65818,2548.288957,2552.908386,2512.846738,2517.764968,2467.274375,2452.083642
PRK,"Korea, Democratic People's Republic of",27812.86871,27396.73039,26927.48532,26608.76806,24103.36814,22234.98902,21491.78898,21860.33176,20656.31023,20914.81476,21072.74793,18072.84266,18199.68327,18382.60621,18589.15076,18743.47505,18851.61095,18850.37809,18718.97024,18536.34141,18613.05501,18813.96186,18521.77147,18440.94683,18241.42392,17832.34979,18432.30539,18500.63053,19053.57099
PRT,Portugal,22658.74783,22970.474,23175.66921,22787.31537,23296.45542,24003.75527,24539.76764,25210.27792,26409.65453,27673.77507,27411.0466,23050.45672,23869.87041,22441.32805,22724.36493,22885.17589,22029.80491,21947.96254,21588.34335,21095.68611,20564.20401,19478.67287,18819.17288,18398.29808,18673.52876,19323.38939,19246.2791,20183.1749,19673.09002
PRY,Paraguay,61550.44561,60055.42888,60672.44121,62250.56761,63297.22335,64854.2831,65181.66581,65429.99932,65419.88026,66731.16346,64947.53342,79469.38151,78741.07856,80634.70458,79297.25445,79936.18306,80575.122,83516.79726,83125.24131,85971.62349,89054.70175,102463.1039,103283.886,104190.7423,106425.9849,105529.0345,83249.04168,83754.96646,83219.89314
PYF,French Polynesia,170.7949265,172.2668375,174.678508,176.5847626,159.2850459,163.0422415,161.7716224,168.2525661,170.8207012,171.4859141,160.9839309,163.3882043,160.7679096,169.3250613,172.4468101,172.5445428,169.6199111,168.7228827,180.2522957,186.9859457,194.1355468,249.9375123,234.1946702,232.916283,217.3174915,228.6692881,223.2644575,222.9472366,226.6622145
QAT,Qatar,4151.128932,4185.611547,4426.333802,4310.781367,4678.254344,4588.508773,5505.706838,8681.440447,8868.458882,9741.706486,10490.02851,9417.064878,7989.864569,9537.067173,9978.9932,10289.34949,11157.93952,11576.05209,13274.38087,14245.27241,14893.03959,17075.99571,14859.50911,21736.54648,22340.06177,23171.91348,23642.49276,24160.27774,24707.16733
REU,Reunion,242.7512361,286.956938,280.3395844,305.5172563,313.1083723,322.7695394,333.0861434,347.7088089,384.2243055,402.0748631,411.693017,422.1587053,446.7134181,459.4160591,490.2531253,494.9228035,482.410561,475.3732283,494.160114,510.5804735,498.5218376,494.9784525,483.0387702,472.1728716,486.1678728,500.8930038,511.486022,506.3085119,523.9595411
ROU,Romania,54525.24804,45539.1479,44488.7628,39855.64941,39865.95945,39656.6826,39611.46308,37465.70303,32988.38315,31331.23999,32449.2639,32750.97567,32125.13252,32561.37038,35184.1315,34600.64029,34275.17837,34874.62242,35637.42119,31568.42539,32225.50277,33487.34104,33775.13185,34807.83062,35781.35523,35425.40603,40009.71956,40778.52592,41021.96452
RUS,Russian Federation,511425.0553,492538.3914,530146.934,494550.9447,463817.7666,445610.9937,418414.7397,398894.6581,381260.3302,380713.1631,388011.408,353293.4973,349358.5815,353680.5437,352121.3146,350643.8906,353798.4294,360783.0196,369634.5239,362664.4384,369082.4464,400979.6005,390539.4303,391589.2819,393180.3221,394292.5698,412869.2379,415199.4508,420035.143
RWA,Rwanda,6099.451494,6132.257843,6028.064181,5882.741576,5738.663147,5542.925231,5702.12748,5841.433904,6049.946917,6305.448974,6358.442516,6244.765448,6328.89641,6589.607108,6751.455095,6923.71752,7229.151554,7425.452007,7636.972398,7750.820958,7971.161973,6889.417158,6934.793231,7013.555325,7051.667275,7551.009836,7354.510409,7425.544814,7530.416483
SAU,Saudi Arabia,30755.39062,32449.00095,33827.18858,35048.41337,36953.59527,35568.66673,37440.05581,39053.39587,39479.27404,40342.55001,45208.6611,47954.80911,50567.30735,54354.82704,58067.38408,62549.12438,65678.60539,68698.08197,70719.52021,71088.68791,72737.32541,76790.90192,81289.1243,83286.96583,88463.2866,93359.5022,98078.37692,100408.2701,103624.6729
SCG,Serbia and Montenegro,16075.07845,15157.67259,13302.67089,12986.6295,12372.89145,13105.80501,14327.74665,14665.81207,14497.22185,12944.13257,13074.83954,13728.7134,13780.80215,13461.50383,14485.25468,14215.82547,13794.01974,14917.2656,15517.82993,15025.91793,16218.36656,16165.0612,15855.96188,16205.8463,14847.08546,15694.76952,15782.98687,15972.3049,15298.58253
SDN,Sudan,48294.27667,49781.51358,55440.58968,59940.94008,63745.97828,64710.14535,67693.99906,70786.33054,73614.96259,77951.31609,81035.6435,84563.49231,86267.82182,90205.20024,91892.64918,94681.92099,96258.53801,97566.89283,97953.21742,99028.32402,99902.78565,96186.27959,133504.5977,135051.537,135806.8535,135939.9549,137737.0481,137152.6421,138727.3263
SEA,Int. Shipping,12590.99508,13048.94535,13976.76082,13607.1573,14052.40116,14523.04063,14883.23593,15289.78363,15749.75882,16537.54874,16987.82745,16177.31494,16695.69398,17079.78067,18722.14847,19385.53445,20525.36975,21655.43572,21720.73092,20633.39725,22142.00399,22167.76254,20706.07624,20608.86359,21284.18743,22081.64298,22729.02834,23322.65671,23536.71201
SEN,Senegal,11809.40659,12017.31822,12207.334,12440.06051,12595.39648,12683.96104,12921.21038,13400.18479,14149.44478,14985.27007,14501.65561,13256.25883,13219.4242,13312.13036,13671.50998,14078.1931,14315.27023,14514.4336,14926.1455,15321.58369,15703.43087,16033.91428,16511.2687,16918.81884,17467.43826,18391.01895,18489.34156,18688.05467,19166.64523
SGP,Singapore,2832.307768,2999.226579,2933.581932,3206.024032,3453.429835,3549.44771,3661.432524,3793.27863,3747.948573,3917.047711,4330.2131,4642.797081,4926.109294,5006.88403,5525.093215,5827.778339,5984.758158,6147.227355,6287.531113,6081.945478,6195.99082,6483.761263,6572.461091,6591.875429,6893.958894,7339.060735,7872.256659,8431.197869,9059.544592
SHN,Saint Helena,4.3008814,3.843564641,3.811858437,3.896854459,3.291233178,3.389235283,3.369033369,3.248346879,3.327302907,3.351116516,4.106726138,3.613600146,3.594652721,3.617532369,3.736052844,3.773641963,3.604881998,3.732604989,3.821715952,3.828008148,3.915620069,3.961558512,3.96894586,4.230706449,4.226282398,4.204883492,4.235117861,4.310051944,4.392708868
SLB,Solomon Islands,340.2472411,343.7473177,347.3926176,349.4520083,350.4416964,353.5657041,355.3653393,358.0356749,358.201886,361.3196817,359.0074648,318.2257708,320.3368258,324.7813394,330.3283577,335.0943001,339.3289142,343.6919765,350.3254492,354.0559972,360.2228304,372.5467511,375.4788645,381.4982763,383.4255001,389.3936265,416.1126506,431.3922364,437.1302382
SLE,Sierra Leone,6044.744848,5989.064827,5920.013178,5989.622143,5890.75015,5742.12265,5692.800213,5714.787234,5800.303251,5497.647764,5415.149757,5542.37772,5864.505758,6093.734335,6439.92289,6760.629781,7223.698791,6533.371113,6731.820975,7019.842531,7232.364683,7498.496749,7873.320553,7911.564706,8158.683689,8204.552475,8187.04942,8270.317531,8306.482788
SLV,El Salvador,5997.705705,6214.693627,6317.464458,6257.586904,6378.615347,6101.303071,6604.418149,6868.017906,6417.710182,6568.146798,6333.54658,6701.164294,6783.88702,6688.025984,6927.993909,6965.185341,7174.485022,7197.161376,7166.33878,7097.583943,6965.303923,6631.481397,6984.199629,6767.262077,7002.876351,7002.869594,6916.978856,6935.694032,6862.013785
SOM,Somalia,40842.68257,38046.96438,36117.79037,38024.47712,39814.77578,40464.10941,40988.21491,41483.03113,41470.9509,41727.24586,42166.55302,42762.10576,43147.19753,43363.92922,43787.60723,44344.09048,43170.99227,42093.38365,42161.70626,42233.22511,42412.51898,42625.49972,42924.45472,43044.08489,43290.72244,43460.75394,43542.75745,43540.37248,43707.32604
SPM,Saint Pierre and Miquelon,18.99333004,19.29567823,18.91234278,11.73471364,12.03576848,9.442377376,9.422489689,7.448760325,9.26858117,11.12057117,11.47534968,11.52171163,11.2732861,12.58629944,12.60130362,12.69760102,12.01649977,12.40529205,12.45722943,13.13844118,13.46929262,14.66348269,15.36694404,15.41902346,16.45642193,16.02116677,16.66036118,12.43263555,12.21779293
STP,Sao Tome and Principe,40.72171524,42.2854463,42.71288702,42.75742351,44.58396943,45.45031224,46.06049727,46.62611396,46.87335259,47.75833835,48.25876298,49.58013261,52.13682423,54.35630473,55.15671101,56.88483662,57.51087248,59.25399967,60.74471286,63.22689099,64.09881568,272.3066918,273.8312645,276.3144582,277.6935318,279.3866784,282.3653285,285.190488,286.3850789
SUR,Suriname,4446.349762,4519.598553,4608.247761,4476.520666,4479.267644,4554.001829,4625.362348,4545.188607,4620.050919,4686.830409,4629.022274,4895.696515,4914.790229,5075.838897,5260.374078,5262.447727,5266.33811,5220.894174,5256.274598,5337.164054,5442.43326,9690.015695,9778.287901,9704.536285,9771.338477,9752.360033,10853.10222,10834.54302,10794.54062
SVK,Slovakia,16045.22024,13814.79242,12449.14642,12939.23975,11944.64704,12016.49621,12333.83036,12342.22646,11670.11163,11269.39435,11089.65619,10425.03895,10133.84431,10203.02008,10166.31779,10463.07807,10742.26661,10554.2547,10492.05596,9545.008292,10092.69227,9777.543201,9448.248465,9732.530241,9393.957906,9814.286964,9792.206562,9898.356832,10161.98121
SVN,Slovenia,4543.266237,4192.04109,3828.070125,3951.042115,3965.151303,4016.218216,4254.182848,4437.525923,4554.83109,4612.248447,4722.786934,5110.320491,5258.81337,5274.316014,5173.036691,5278.767317,5372.763555,5248.127774,5245.346734,4879.376285,4789.802664,6871.988455,6839.383447,6800.340473,6829.685659,6830.726225,5797.921056,5812.262447,5781.823022
SWE,Sweden,60073.37071,59093.67757,59159.97316,59596.16467,59677.83852,59619.8845,59886.84561,60066.22722,59797.83572,59314.56405,59698.14507,61600.10637,61784.4502,62110.96837,62310.28704,60400.135,61408.16402,60820.5714,60412.16274,59913.23612,60362.89331,51321.92201,51017.34984,50306.94378,50421.92697,50567.56821,46313.06961,46384.16625,46218.82934
SWZ,Swaziland,2060.010447,2145.918947,2180.417953,1931.373278,1979.620014,2001.788787,2079.421956,2085.127938,2026.445089,2082.036149,2060.738187,1912.280372,1928.123417,2049.06278,2065.483896,2087.587126,2017.801765,2049.389982,2029.977108,2000.906348,2004.996905,1964.830296,1983.744846,2050.500765,2036.421475,2014.277401,2017.920789,2058.205647,2075.829609
SYC,Seychelles,71.44118188,81.38538778,78.11725711,78.67671468,79.27528762,81.24246517,80.89345139,83.57315155,81.61231035,82.68010036,107.3767617,110.5983407,108.7258449,108.844886,131.9356569,129.7880511,134.971126,125.1089356,123.4959334,131.4931773,120.4469258,115.9598459,121.5138757,118.3299146,126.3818808,129.9651471,144.2176268,143.959973,149.0237321
SYR,Syrian Arab Republic,14277.12064,14616.80858,15188.19456,15293.22174,16131.24658,16642.97131,17600.08224,18206.85818,18739.23969,18532.12455,19230.63425,17672.5887,18281.0367,18699.00923,21175.28207,24173.77476,24610.72347,25478.64227,24435.42278,23736.15413,22981.46342,23571.30059,21460.11818,18030.72857,17442.37276,17235.03112,17694.84152,18352.1379,17569.24756
TCA,Turks and Caicos Islands,4.321908518,4.626821242,4.968226498,5.360479586,5.758316369,6.918455513,7.250844992,7.313603319,7.904143752,8.791323559,14.68972832,15.45531384,17.5702586,15.42463539,18.17147858,20.52909819,21.02632699,23.62170767,25.48802546,26.95547783,26.97269735,30.4405983,32.93919562,33.77277636,34.5739213,34.66271914,35.64035238,42.650132,41.77904265
TCD,Chad,18340.58085,25150.10045,25916.57759,26647.90938,27544.7824,28489.4407,29245.93958,30152.59486,31401.67399,31916.99769,32589.17983,43617.62305,45291.44265,47208.71747,48881.01616,50328.86612,52615.12258,54916.8934,56357.1324,57995.98086,61126.92783,72453.08785,75454.87417,77736.74753,80460.26953,85382.00671,86906.14916,89993.84554,92441.1038
TGO,Togo,4860.2335,4780.967416,4580.674663,4609.367301,4764.65643,4602.20329,4972.960931,5054.857169,5298.88113,5590.777784,5362.175946,3642.757937,3731.33425,3807.880121,3886.714422,4041.923805,4073.831122,4114.097292,4201.843477,4460.339447,4540.724128,4556.551146,5025.989495,5143.436785,5262.128383,5407.615198,5471.792247,5616.447858,5906.841175
THA,Thailand,143122.1164,147698.4514,151003.865,152518.3311,153924.0484,152672.9161,155481.8731,159442.7972,153215.7749,156956.8296,154123.5463,144814.721,147775.1653,155566.3263,163558.2844,166063.2195,167258.5402,174696.0782,177150.9636,183202.7059,190834.4338,211840.5885,216282.8965,214320.5235,209801.0014,204272.1071,176915.7168,191384.0818,191930.071
TJK,Tajikistan,6302.889291,6373.254615,6183.783,5642.842598,5492.597635,5258.631241,4933.885563,4876.283825,4692.786979,4588.217397,4617.060062,4667.615187,4846.764302,5041.49801,5357.509468,5597.144527,5907.690744,6084.439272,6936.39308,7334.128173,7449.193855,7711.461317,8242.004132,8642.438393,8960.185049,9352.21763,10041.24565,10605.50318,10793.11604
TKL,Tokelau,0.426844564,0.424536123,0.423030484,0.420301697,0.41975644,0.418067508,0.419114858,0.421216466,0.424148358,0.423234903,0.4205499,0.413339307,0.404506713,0.393753587,0.383471722,0.375057887,0.369456775,0.365981509,0.363690382,0.363415612,0.364998164,0.366222336,0.368043952,0.370434592,0.374398018,0.377887718,0.381385216,0.383165592,0.385346204
TKM,Turkmenistan,12670.44726,11989.3931,9495.676278,11559.059,12397.50567,12509.60725,12099.07929,10647.74583,11265.4644,13671.29701,15120.54374,15817.15314,17685.78725,20117.44213,21224.03017,21122.67793,22830.85603,23213.70766,24522.22069,21824.81952,23004.28401,24272.58908,26111.33638,26974.83911,27494.81043,28132.07055,27913.1617,28017.76768,28167.09773
TLS,Timor-Leste,1049.613728,1146.726359,1126.022887,1151.564587,1222.843938,1246.885422,1271.185564,1252.815533,1284.972894,1187.834398,1254.411199,1468.1993,1474.951852,1505.949824,1393.791072,1556.742302,1705.82655,1800.096452,1884.77058,1897.388805,1837.554803,1916.802232,2025.443134,1989.419783,1991.857218,2148.25189,2099.722614,2047.181729,2058.848492
TON,Tonga,102.0417679,101.9422182,106.8242289,106.1991057,106.9653054,101.7887243,103.6401905,104.9628697,105.171676,106.8762868,103.8282708,103.402057,104.2845282,106.1683876,105.5457244,106.2268476,107.1518736,105.5634708,107.4157049,109.1577423,109.4213935,116.0320314,115.6507158,115.0647925,115.0147432,117.1673677,117.4249286,116.3997423,117.1044496
TTO,Trinidad and Tobago,5109.333284,5293.383104,5363.032499,5061.813008,5468.814126,5493.959987,5882.754813,5859.465601,6958.498461,7941.325933,8120.094207,8974.39473,9698.542428,10533.79551,11502.27643,14310.60986,14696.28851,14629.90118,14713.33477,14400.45776,15633.64545,15612.22963,13758.20928,12730.24249,12952.7324,13127.0827,12903.96674,13203.95316,12891.01058
TUN,Tunisia,7709.45927,8176.773012,8383.517432,8775.079956,8656.703909,8837.728574,9348.353906,9227.731111,9623.116933,9987.899562,10353.16259,10499.63906,10361.45021,10291.23226,10688.16666,11855.07662,12429.70221,12538.16248,13056.54851,13131.56252,13280.40909,13099.90083,13609.16021,13527.17453,14084.09803,14201.00312,14156.2741,14239.09539,14464.45703
TUR,Turkey,78289.588,77562.51283,79423.48267,82071.96535,79151.92196,80707.49437,83041.94128,83428.95736,83691.50771,84525.66729,84989.87841,81719.1051,81866.45631,83303.98584,85663.40954,86254.32046,91005.36611,93057.04198,98003.67327,99227.63643,102333.2859,107482.6944,108927.1461,113840.8078,117978.2233,118260.0117,123155.5869,133344.2724,136136.807
TUV,Tuvalu,4.295705111,4.622592402,4.688583391,4.619197556,4.708477115,4.7383553,4.768793398,4.833850729,4.873143982,4.958789837,4.988859545,5.021169968,5.157438917,5.203127136,5.247722283,5.289606603,5.337334947,5.415519782,5.507462188,5.587019325,5.624083622,5.705479922,5.763396718,5.833503796,5.902916839,6.001031746,6.064637389,6.131240125,6.194167829
TWN,Taiwan_Province of China,30521.55039,30917.71815,30884.82353,31402.2187,31942.22645,32326.71731,32579.93954,31964.85952,31280.0072,30783.56546,31341.62603,30944.57657,31935.26279,32718.99045,33522.07957,33994.07011,32984.60641,31890.96782,31135.79934,30129.74925,30584.57027,31375.92935,30692.74938,30596.31415,30368.01801,30544.72127,31123.98099,31448.03401,31069.62873
TZA,Tanzania_United Republic of,82342.61584,82646.59453,82725.09707,83308.49805,83603.05822,86966.64833,82278.11997,82170.73621,83666.17903,86408.2593,85853.90977,88529.18998,90915.87611,93860.85801,94651.48275,96239.5111,96699.62675,95754.45394,97995.98306,98464.58819,99938.02227,103548.9028,104602.4494,107002.53,109176.8685,111669.6759,124883.888,125453.1062,125484.6256
UGA,Uganda,30802.77926,31308.49366,31589.48261,32002.63154,31752.14311,32141.52302,32462.26699,33213.85734,33903.45525,34718.20928,34606.51329,34536.19557,35164.03978,35853.49479,36292.49592,37119.66296,37652.89695,38296.7946,45583.19036,46253.5821,47133.89659,48018.90516,48867.76929,49448.8965,50507.30682,51534.36603,52987.32756,54181.57563,55168.90618
UKR,Ukraine,180093.0579,169257.816,154905.1913,145175.6136,134805.892,122054.8824,110478.9329,104109.4832,94613.9297,90043.02925,86119.4008,86793.87432,88133.30612,88554.91774,88714.9098,94867.21011,87959.04403,87818.78766,87285.36283,77087.74804,79716.26366,84217.17857,81599.5493,82699.04475,76234.95963,70894.52587,74181.21362,67918.56836,68466.83193
URY,Uruguay,26835.99937,28289.48101,29844.05419,30848.76485,31289.09387,31309.89365,32015.41919,31584.52155,30981.4431,31204.03885,30486.89629,30579.86901,31699.27825,32754.45829,33814.40354,34177.69355,35426.61291,34774.11787,36175.96056,35635.66072,33946.22643,33977.36626,33736.56095,33872.5843,34292.70395,34303.05785,34360.43121,33459.78217,32951.29603
USA,United States,1092874.666,1103723.849,1116391.827,1118076.473,1137204.573,1223443.132,1239601.382,1269020.714,1262525.323,1260501.927,1287691.589,1215505.405,1198262.589,1209404.585,1232921.549,1237041.425,1260325.752,1269818.744,1256551.94,1208543.416,1227590.271,1198268.601,1175001.434,1196882.372,1207607.926,1200126.263,1266718.801,1265744.745,1290163.185
UZB,Uzbekistan,40638.77753,39745.66227,37783.65558,37122.74723,36887.50577,38055.08618,41568.81795,42486.71466,41485.9821,41421.54849,41535.64594,42101.45233,43923.68053,43921.25832,46120.78115,46106.27343,49268.33329,49619.7061,53138.44506,52454.55508,55088.07565,60402.43442,64300.82913,65506.57757,66749.79066,67497.87135,67836.18351,68209.73287,69306.47595
VCT,Saint Vincent and the Grenadines,53.70779542,52.77728703,54.71384385,53.58726009,57.3529534,58.86173278,58.37522728,60.06128878,64.52826392,69.71867206,66.81246041,73.56082096,72.71745282,74.31967572,77.24574958,77.48588138,76.67520886,79.17296529,80.55019278,90.59935606,80.76472749,85.31092701,92.64212236,85.13661867,86.36672682,85.29622437,85.00711854,76.61241436,76.23932689
VEN,Venezuela,195244.2327,195389.7623,196099.0776,196516.8189,197299.3921,198351.5466,200441.4395,202479.7348,206134.9089,205570.7462,208729.7082,151335.7191,151171.4327,151998.501,154033.9089,158666.2661,156950.7431,159661.9504,160599.0672,161080.514,154236.6753,173236.7083,182350.4178,180844.4946,181950.3925,180805.4009,113987.7172,111912.8992,111663.281
VGB,Virgin Islands_British,14.29149409,14.6696644,15.02405125,14.66089998,14.88808667,15.04017201,15.98325516,16.1264916,17.39963248,19.38114364,23.46624624,23.83599126,23.33583228,24.84761341,25.77241712,26.21846609,25.97014129,26.74725946,27.94341794,29.99995642,30.20153547,33.82657278,35.85670822,36.39757569,36.9789248,36.27596009,37.48774088,39.95169067,39.28051409
VIR,Virgin Islands_USA,75.37684845,75.7294233,76.19061805,76.51168398,77.02638336,77.40236668,77.67305337,77.91521594,78.03973282,78.18113518,78.31525349,66.196328,66.23939698,66.25149013,66.32279016,66.44625561,66.50513651,66.81574789,66.84767548,66.58146288,66.51991489,54.06408549,53.48953478,53.31476012,53.42018461,53.30382869,53.374397,53.36435521,53.34744656
VNM,Viet Nam,90878.10072,93823.11712,95046.38802,96896.07771,99907.21445,100908.2058,104743.1772,104962.2779,109623.4452,112061.6715,113184.8916,111481.9002,119047.0257,119193.8288,125209.168,127039.0636,128625.9032,130249.9138,131352.3028,134199.7854,149589.5581,153886.2805,155025.5335,161639.2452,162247.9702,171106.6178,167634.1364,169097.7537,176651.7426
VUT,Vanuatu,385.8135608,397.5563401,418.1744607,443.2160044,448.8549851,450.3029123,454.4824143,460.0854428,464.39075,470.0456362,450.6354044,426.966203,427.0577304,443.8181254,449.7663558,459.8476796,466.0151002,546.2828115,553.4916892,522.3598117,537.0829216,559.9215087,555.6708006,554.4586449,557.6160544,561.4088966,557.2476891,572.1036453,570.416613
WLF,Wallis and Futuna,15.18279771,15.2335222,15.37151694,15.39269484,15.4116199,15.40037336,15.45057834,15.44110074,15.45437857,15.4835659,15.57382073,15.51492874,15.5917344,15.62106828,15.60573048,15.59322348,15.58797917,15.56918274,15.52503191,15.49302417,15.43827608,15.3537256,15.3039172,15.27041114,15.21953883,15.14928574,9.437570532,9.416056226,9.400300078
WSM,Samoa,290.5123541,289.9975158,285.3873227,289.7804745,291.7860462,288.3284432,288.2442406,289.6328535,294.6559706,292.1908809,290.5039783,304.4341642,304.9452157,307.9408516,310.194933,311.0602775,311.2766697,303.1281939,302.6190852,311.3232088,323.4026932,348.9164976,343.4802785,347.3146102,353.5135204,376.6885992,359.3978284,370.6332449,372.1128122
YEM,Yemen,7794.380638,7908.602165,8182.372939,8423.801754,8887.452732,9470.029094,10014.66629,10670.32864,11267.40986,12186.37394,13342.45956,14119.55216,14846.46154,16555.72883,17380.14453,18737.26963,20227.82045,21210.64349,21406.15095,19073.22174,19282.73662,18811.87353,18428.60489,20329.47824,20610.03948,17540.06935,17252.58866,17614.99515,18560.16163
ZAF,South Africa,77801.96615,77864.92881,77285.09814,76910.20592,78758.73785,80443.46665,81997.75587,83449.98895,84196.27371,83828.83239,81541.58528,85292.02599,87969.50866,90981.79734,94594.29156,96948.86569,95271.6456,99951.33975,100271.9679,103471.9987,102818.7021,104366.3592,105817.5388,107756.8003,108612.7748,107605.876,107160.4317,111095.1786,110973.8754
ZMB,Zambia,42792.34918,43022.19938,43007.00876,42850.82842,42472.60403,42129.65945,36655.29848,37255.15303,36480.66935,37168.68997,34208.32967,38318.09984,39116.63713,41914.48899,42585.85155,43985.4339,42504.33858,43176.33149,44986.84996,44450.08604,48009.86221,62564.69963,64659.49715,65265.03086,65948.22075,69639.3035,68264.05747,69489.26165,67302.87704
ZWE,Zimbabwe,27678.2535,25842.45708,26632.64331,23832.83372,24425.80622,24505.10649,26955.79615,26893.19895,27571.82207,29500.72302,29861.12105,29424.0109,27788.76615,26993.31773,26010.54889,26309.90846,26802.98552,27400.04211,26731.0509,28104.26513,28263.90966,28706.27717,28886.88738,29118.85955,26409.02095,27543.17557,27508.14201,27523.04264,28202.15296
,,,,,,,,,,,,,,,,,,,,,,,,,,,,,,
,,,,,,,,,,,,,,,,,,,,,,,,,,,,,,
,,,,,,,,,,,,,,,,,,,,,,,,,,,,,,